baseline_id,aoi_id,year_start,year_end,pool,reference_mean_2015_tc_ha,reference_mean_2019_tc_ha,historical_rate_tc_ha_yr,baseline_stock_start_tc_ha,baseline_stock_end_tc_ha,baseline_delta_tc_ha,kind,history_product,source_start,source_end,clipped_at_zero
HIST-AGB-2015-2019-v1,RU_TVER_01,2019,2020,AGB,83.752114581,85.127113698,0.343749779,85.127113698,85.470863477,0.343749779,сценарное допущение,ESA CCI Biomass v7.0,RU_TVER_01/CCI_Biomass_2015.tif,RU_TVER_01/CCI_Biomass_2019.tif,false
HIST-AGB-2015-2019-v1,RU_TVER_01,2020,2021,AGB,83.752114581,85.127113698,0.343749779,85.470863477,85.814613256,0.343749779,сценарное допущение,ESA CCI Biomass v7.0,RU_TVER_01/CCI_Biomass_2015.tif,RU_TVER_01/CCI_Biomass_2019.tif,false
HIST-AGB-2015-2019-v1,RU_TVER_01,2021,2022,AGB,83.752114581,85.127113698,0.343749779,85.814613256,86.158363036,0.343749779,сценарное допущение,ESA CCI Biomass v7.0,RU_TVER_01/CCI_Biomass_2015.tif,RU_TVER_01/CCI_Biomass_2019.tif,false
HIST-AGB-2015-2019-v1,RU_TVER_01,2022,2023,AGB,83.752114581,85.127113698,0.343749779,86.158363036,86.502112815,0.343749779,сценарное допущение,ESA CCI Biomass v7.0,RU_TVER_01/CCI_Biomass_2015.tif,RU_TVER_01/CCI_Biomass_2019.tif,false
HIST-AGB-2015-2019-v1,RU_TVER_01,2023,2024,AGB,83.752114581,85.127113698,0.343749779,86.502112815,86.845862594,0.343749779,сценарное допущение,ESA CCI Biomass v7.0,RU_TVER_01/CCI_Biomass_2015.tif,RU_TVER_01/CCI_Biomass_2019.tif,false
HIST-AGB-2015-2019-v1,RU_TVER_01,2024,2025,AGB,83.752114581,85.127113698,0.343749779,86.845862594,87.189612373,0.343749779,сценарное допущение,ESA CCI Biomass v7.0,RU_TVER_01/CCI_Biomass_2015.tif,RU_TVER_01/CCI_Biomass_2019.tif,false
HIST-AGB-2015-2019-v1,RU_TVER_01,2025,2026,AGB,83.752114581,85.127113698,0.343749779,87.189612373,87.533362152,0.343749779,сценарное допущение,ESA CCI Biomass v7.0,RU_TVER_01/CCI_Biomass_2015.tif,RU_TVER_01/CCI_Biomass_2019.tif,false
HIST-AGB-2015-2019-v1,RU_TVER_01,2026,2027,AGB,83.752114581,85.127113698,0.343749779,87.533362152,87.877111932,0.343749779,сценарное допущение,ESA CCI Biomass v7.0,RU_TVER_01/CCI_Biomass_2015.tif,RU_TVER_01/CCI_Biomass_2019.tif,false
HIST-AGB-2015-2019-v1,RU_TVER_01,2027,2028,AGB,83.752114581,85.127113698,0.343749779,87.877111932,88.220861711,0.343749779,сценарное допущение,ESA CCI Biomass v7.0,RU_TVER_01/CCI_Biomass_2015.tif,RU_TVER_01/CCI_Biomass_2019.tif,false
HIST-AGB-2015-2019-v1,RU_TVER_01,2028,2029,AGB,83.752114581,85.127113698,0.343749779,88.220861711,88.56461149,0.343749779,сценарное допущение,ESA CCI Biomass v7.0,RU_TVER_01/CCI_Biomass_2015.tif,RU_TVER_01/CCI_Biomass_2019.tif,false
HIST-AGB-2015-2019-v1,RU_VOLOGDA_02,2019,2020,AGB,76.130158926,75.714302086,-0.10396421,75.714302086,75.610337876,-0.10396421,сценарное допущение,ESA CCI Biomass v7.0,RU_VOLOGDA_02/CCI_Biomass_2015.tif,RU_VOLOGDA_02/CCI_Biomass_2019.tif,false
HIST-AGB-2015-2019-v1,RU_VOLOGDA_02,2020,2021,AGB,76.130158926,75.714302086,-0.10396421,75.610337876,75.506373665,-0.10396421,сценарное допущение,ESA CCI Biomass v7.0,RU_VOLOGDA_02/CCI_Biomass_2015.tif,RU_VOLOGDA_02/CCI_Biomass_2019.tif,false
HIST-AGB-2015-2019-v1,RU_VOLOGDA_02,2021,2022,AGB,76.130158926,75.714302086,-0.10396421,75.506373665,75.402409455,-0.10396421,сценарное допущение,ESA CCI Biomass v7.0,RU_VOLOGDA_02/CCI_Biomass_2015.tif,RU_VOLOGDA_02/CCI_Biomass_2019.tif,false
HIST-AGB-2015-2019-v1,RU_VOLOGDA_02,2022,2023,AGB,76.130158926,75.714302086,-0.10396421,75.402409455,75.298445245,-0.10396421,сценарное допущение,ESA CCI Biomass v7.0,RU_VOLOGDA_02/CCI_Biomass_2015.tif,RU_VOLOGDA_02/CCI_Biomass_2019.tif,false
HIST-AGB-2015-2019-v1,RU_VOLOGDA_02,2023,2024,AGB,76.130158926,75.714302086,-0.10396421,75.298445245,75.194481035,-0.10396421,сценарное допущение,ESA CCI Biomass v7.0,RU_VOLOGDA_02/CCI_Biomass_2015.tif,RU_VOLOGDA_02/CCI_Biomass_2019.tif,false
HIST-AGB-2015-2019-v1,RU_VOLOGDA_02,2024,2025,AGB,76.130158926,75.714302086,-0.10396421,75.194481035,75.090516825,-0.10396421,сценарное допущение,ESA CCI Biomass v7.0,RU_VOLOGDA_02/CCI_Biomass_2015.tif,RU_VOLOGDA_02/CCI_Biomass_2019.tif,false
HIST-AGB-2015-2019-v1,RU_VOLOGDA_02,2025,2026,AGB,76.130158926,75.714302086,-0.10396421,75.090516825,74.986552615,-0.10396421,сценарное допущение,ESA CCI Biomass v7.0,RU_VOLOGDA_02/CCI_Biomass_2015.tif,RU_VOLOGDA_02/CCI_Biomass_2019.tif,false
HIST-AGB-2015-2019-v1,RU_VOLOGDA_02,2026,2027,AGB,76.130158926,75.714302086,-0.10396421,74.986552615,74.882588405,-0.10396421,сценарное допущение,ESA CCI Biomass v7.0,RU_VOLOGDA_02/CCI_Biomass_2015.tif,RU_VOLOGDA_02/CCI_Biomass_2019.tif,false
HIST-AGB-2015-2019-v1,RU_VOLOGDA_02,2027,2028,AGB,76.130158926,75.714302086,-0.10396421,74.882588405,74.778624195,-0.10396421,сценарное допущение,ESA CCI Biomass v7.0,RU_VOLOGDA_02/CCI_Biomass_2015.tif,RU_VOLOGDA_02/CCI_Biomass_2019.tif,false
HIST-AGB-2015-2019-v1,RU_VOLOGDA_02,2028,2029,AGB,76.130158926,75.714302086,-0.10396421,74.778624195,74.674659985,-0.10396421,сценарное допущение,ESA CCI Biomass v7.0,RU_VOLOGDA_02/CCI_Biomass_2015.tif,RU_VOLOGDA_02/CCI_Biomass_2019.tif,false
HIST-AGB-2015-2019-v1,RU_MORDOVIA_03,2019,2020,AGB,46.342582701,36.418491606,-2.481022774,36.418491606,33.937468832,-2.481022774,сценарное допущение,ESA CCI Biomass v7.0,RU_MORDOVIA_03/CCI_Biomass_2015.tif,RU_MORDOVIA_03/CCI_Biomass_2019.tif,false
HIST-AGB-2015-2019-v1,RU_MORDOVIA_03,2020,2021,AGB,46.342582701,36.418491606,-2.481022774,33.937468832,31.456446058,-2.481022774,сценарное допущение,ESA CCI Biomass v7.0,RU_MORDOVIA_03/CCI_Biomass_2015.tif,RU_MORDOVIA_03/CCI_Biomass_2019.tif,false
HIST-AGB-2015-2019-v1,RU_MORDOVIA_03,2021,2022,AGB,46.342582701,36.418491606,-2.481022774,31.456446058,28.975423285,-2.481022774,сценарное допущение,ESA CCI Biomass v7.0,RU_MORDOVIA_03/CCI_Biomass_2015.tif,RU_MORDOVIA_03/CCI_Biomass_2019.tif,false
HIST-AGB-2015-2019-v1,RU_MORDOVIA_03,2022,2023,AGB,46.342582701,36.418491606,-2.481022774,28.975423285,26.494400511,-2.481022774,сценарное допущение,ESA CCI Biomass v7.0,RU_MORDOVIA_03/CCI_Biomass_2015.tif,RU_MORDOVIA_03/CCI_Biomass_2019.tif,false
HIST-AGB-2015-2019-v1,RU_MORDOVIA_03,2023,2024,AGB,46.342582701,36.418491606,-2.481022774,26.494400511,24.013377737,-2.481022774,сценарное допущение,ESA CCI Biomass v7.0,RU_MORDOVIA_03/CCI_Biomass_2015.tif,RU_MORDOVIA_03/CCI_Biomass_2019.tif,false
HIST-AGB-2015-2019-v1,RU_MORDOVIA_03,2024,2025,AGB,46.342582701,36.418491606,-2.481022774,24.013377737,21.532354963,-2.481022774,сценарное допущение,ESA CCI Biomass v7.0,RU_MORDOVIA_03/CCI_Biomass_2015.tif,RU_MORDOVIA_03/CCI_Biomass_2019.tif,false
HIST-AGB-2015-2019-v1,RU_MORDOVIA_03,2025,2026,AGB,46.342582701,36.418491606,-2.481022774,21.532354963,19.051332189,-2.481022774,сценарное допущение,ESA CCI Biomass v7.0,RU_MORDOVIA_03/CCI_Biomass_2015.tif,RU_MORDOVIA_03/CCI_Biomass_2019.tif,false
HIST-AGB-2015-2019-v1,RU_MORDOVIA_03,2026,2027,AGB,46.342582701,36.418491606,-2.481022774,19.051332189,16.570309416,-2.481022774,сценарное допущение,ESA CCI Biomass v7.0,RU_MORDOVIA_03/CCI_Biomass_2015.tif,RU_MORDOVIA_03/CCI_Biomass_2019.tif,false
HIST-AGB-2015-2019-v1,RU_MORDOVIA_03,2027,2028,AGB,46.342582701,36.418491606,-2.481022774,16.570309416,14.089286642,-2.481022774,сценарное допущение,ESA CCI Biomass v7.0,RU_MORDOVIA_03/CCI_Biomass_2015.tif,RU_MORDOVIA_03/CCI_Biomass_2019.tif,false
HIST-AGB-2015-2019-v1,RU_MORDOVIA_03,2028,2029,AGB,46.342582701,36.418491606,-2.481022774,14.089286642,11.608263868,-2.481022774,сценарное допущение,ESA CCI Biomass v7.0,RU_MORDOVIA_03/CCI_Biomass_2015.tif,RU_MORDOVIA_03/CCI_Biomass_2019.tif,false
HIST-AGB-2015-2019-v1,RU_MORDOVIA_04,2019,2020,AGB,12.998450671,13.17639792,0.044486812,13.17639792,13.220884733,0.044486812,сценарное допущение,ESA CCI Biomass v7.0,RU_MORDOVIA_04/CCI_Biomass_2015.tif,RU_MORDOVIA_04/CCI_Biomass_2019.tif,false
HIST-AGB-2015-2019-v1,RU_MORDOVIA_04,2020,2021,AGB,12.998450671,13.17639792,0.044486812,13.220884733,13.265371545,0.044486812,сценарное допущение,ESA CCI Biomass v7.0,RU_MORDOVIA_04/CCI_Biomass_2015.tif,RU_MORDOVIA_04/CCI_Biomass_2019.tif,false
HIST-AGB-2015-2019-v1,RU_MORDOVIA_04,2021,2022,AGB,12.998450671,13.17639792,0.044486812,13.265371545,13.309858357,0.044486812,сценарное допущение,ESA CCI Biomass v7.0,RU_MORDOVIA_04/CCI_Biomass_2015.tif,RU_MORDOVIA_04/CCI_Biomass_2019.tif,false
HIST-AGB-2015-2019-v1,RU_MORDOVIA_04,2022,2023,AGB,12.998450671,13.17639792,0.044486812,13.309858357,13.354345169,0.044486812,сценарное допущение,ESA CCI Biomass v7.0,RU_MORDOVIA_04/CCI_Biomass_2015.tif,RU_MORDOVIA_04/CCI_Biomass_2019.tif,false
HIST-AGB-2015-2019-v1,RU_MORDOVIA_04,2023,2024,AGB,12.998450671,13.17639792,0.044486812,13.354345169,13.398831982,0.044486812,сценарное допущение,ESA CCI Biomass v7.0,RU_MORDOVIA_04/CCI_Biomass_2015.tif,RU_MORDOVIA_04/CCI_Biomass_2019.tif,false
HIST-AGB-2015-2019-v1,RU_MORDOVIA_04,2024,2025,AGB,12.998450671,13.17639792,0.044486812,13.398831982,13.443318794,0.044486812,сценарное допущение,ESA CCI Biomass v7.0,RU_MORDOVIA_04/CCI_Biomass_2015.tif,RU_MORDOVIA_04/CCI_Biomass_2019.tif,false
HIST-AGB-2015-2019-v1,RU_MORDOVIA_04,2025,2026,AGB,12.998450671,13.17639792,0.044486812,13.443318794,13.487805606,0.044486812,сценарное допущение,ESA CCI Biomass v7.0,RU_MORDOVIA_04/CCI_Biomass_2015.tif,RU_MORDOVIA_04/CCI_Biomass_2019.tif,false
HIST-AGB-2015-2019-v1,RU_MORDOVIA_04,2026,2027,AGB,12.998450671,13.17639792,0.044486812,13.487805606,13.532292418,0.044486812,сценарное допущение,ESA CCI Biomass v7.0,RU_MORDOVIA_04/CCI_Biomass_2015.tif,RU_MORDOVIA_04/CCI_Biomass_2019.tif,false
HIST-AGB-2015-2019-v1,RU_MORDOVIA_04,2027,2028,AGB,12.998450671,13.17639792,0.044486812,13.532292418,13.576779231,0.044486812,сценарное допущение,ESA CCI Biomass v7.0,RU_MORDOVIA_04/CCI_Biomass_2015.tif,RU_MORDOVIA_04/CCI_Biomass_2019.tif,false
HIST-AGB-2015-2019-v1,RU_MORDOVIA_04,2028,2029,AGB,12.998450671,13.17639792,0.044486812,13.576779231,13.621266043,0.044486812,сценарное допущение,ESA CCI Biomass v7.0,RU_MORDOVIA_04/CCI_Biomass_2015.tif,RU_MORDOVIA_04/CCI_Biomass_2019.tif,false
HIST-AGB-2015-2019-v1,RU_TVER_05,2019,2020,AGB,92.786477932,94.50124711,0.428692295,94.50124711,94.929939405,0.428692295,сценарное допущение,ESA CCI Biomass v7.0,,,false
HIST-AGB-2015-2019-v1,RU_TVER_05,2020,2021,AGB,92.786477932,94.50124711,0.428692295,94.929939405,95.3586317,0.428692295,сценарное допущение,ESA CCI Biomass v7.0,,,false
HIST-AGB-2015-2019-v1,RU_TVER_05,2021,2022,AGB,92.786477932,94.50124711,0.428692295,95.3586317,95.787323994,0.428692295,сценарное допущение,ESA CCI Biomass v7.0,,,false
HIST-AGB-2015-2019-v1,RU_TVER_05,2022,2023,AGB,92.786477932,94.50124711,0.428692295,95.787323994,96.216016289,0.428692295,сценарное допущение,ESA CCI Biomass v7.0,,,false
HIST-AGB-2015-2019-v1,RU_TVER_05,2023,2024,AGB,92.786477932,94.50124711,0.428692295,96.216016289,96.644708583,0.428692295,сценарное допущение,ESA CCI Biomass v7.0,,,false
HIST-AGB-2015-2019-v1,RU_TVER_05,2024,2025,AGB,92.786477932,94.50124711,0.428692295,96.644708583,97.073400878,0.428692295,сценарное допущение,ESA CCI Biomass v7.0,,,false
HIST-AGB-2015-2019-v1,RU_TVER_05,2025,2026,AGB,92.786477932,94.50124711,0.428692295,97.073400878,97.502093173,0.428692295,сценарное допущение,ESA CCI Biomass v7.0,,,false
HIST-AGB-2015-2019-v1,RU_TVER_05,2026,2027,AGB,92.786477932,94.50124711,0.428692295,97.502093173,97.930785467,0.428692295,сценарное допущение,ESA CCI Biomass v7.0,,,false
HIST-AGB-2015-2019-v1,RU_TVER_05,2027,2028,AGB,92.786477932,94.50124711,0.428692295,97.930785467,98.359477762,0.428692295,сценарное допущение,ESA CCI Biomass v7.0,,,false
HIST-AGB-2015-2019-v1,RU_TVER_05,2028,2029,AGB,92.786477932,94.50124711,0.428692295,98.359477762,98.788170056,0.428692295,сценарное допущение,ESA CCI Biomass v7.0,,,false
HIST-AGB-2015-2019-v1,RU_TVER_06,2019,2020,AGB,71.373689052,72.952023772,0.39458368,72.952023772,73.346607452,0.39458368,сценарное допущение,ESA CCI Biomass v7.0,,,false
HIST-AGB-2015-2019-v1,RU_TVER_06,2020,2021,AGB,71.373689052,72.952023772,0.39458368,73.346607452,73.741191132,0.39458368,сценарное допущение,ESA CCI Biomass v7.0,,,false
HIST-AGB-2015-2019-v1,RU_TVER_06,2021,2022,AGB,71.373689052,72.952023772,0.39458368,73.741191132,74.135774811,0.39458368,сценарное допущение,ESA CCI Biomass v7.0,,,false
HIST-AGB-2015-2019-v1,RU_TVER_06,2022,2023,AGB,71.373689052,72.952023772,0.39458368,74.135774811,74.530358491,0.39458368,сценарное допущение,ESA CCI Biomass v7.0,,,false
HIST-AGB-2015-2019-v1,RU_TVER_06,2023,2024,AGB,71.373689052,72.952023772,0.39458368,74.530358491,74.924942171,0.39458368,сценарное допущение,ESA CCI Biomass v7.0,,,false
HIST-AGB-2015-2019-v1,RU_TVER_06,2024,2025,AGB,71.373689052,72.952023772,0.39458368,74.924942171,75.319525851,0.39458368,сценарное допущение,ESA CCI Biomass v7.0,,,false
HIST-AGB-2015-2019-v1,RU_TVER_06,2025,2026,AGB,71.373689052,72.952023772,0.39458368,75.319525851,75.714109531,0.39458368,сценарное допущение,ESA CCI Biomass v7.0,,,false
HIST-AGB-2015-2019-v1,RU_TVER_06,2026,2027,AGB,71.373689052,72.952023772,0.39458368,75.714109531,76.108693211,0.39458368,сценарное допущение,ESA CCI Biomass v7.0,,,false
HIST-AGB-2015-2019-v1,RU_TVER_06,2027,2028,AGB,71.373689052,72.952023772,0.39458368,76.108693211,76.503276891,0.39458368,сценарное допущение,ESA CCI Biomass v7.0,,,false
HIST-AGB-2015-2019-v1,RU_TVER_06,2028,2029,AGB,71.373689052,72.952023772,0.39458368,76.503276891,76.897860571,0.39458368,сценарное допущение,ESA CCI Biomass v7.0,,,false
HIST-AGB-2015-2019-v1,RU_VOLOGDA_07,2019,2020,AGB,69.8924216,69.318360574,-0.143515256,69.318360574,69.174845318,-0.143515256,сценарное допущение,ESA CCI Biomass v7.0,,,false
HIST-AGB-2015-2019-v1,RU_VOLOGDA_07,2020,2021,AGB,69.8924216,69.318360574,-0.143515256,69.174845318,69.031330061,-0.143515256,сценарное допущение,ESA CCI Biomass v7.0,,,false
HIST-AGB-2015-2019-v1,RU_VOLOGDA_07,2021,2022,AGB,69.8924216,69.318360574,-0.143515256,69.031330061,68.887814805,-0.143515256,сценарное допущение,ESA CCI Biomass v7.0,,,false
HIST-AGB-2015-2019-v1,RU_VOLOGDA_07,2022,2023,AGB,69.8924216,69.318360574,-0.143515256,68.887814805,68.744299548,-0.143515256,сценарное допущение,ESA CCI Biomass v7.0,,,false
HIST-AGB-2015-2019-v1,RU_VOLOGDA_07,2023,2024,AGB,69.8924216,69.318360574,-0.143515256,68.744299548,68.600784292,-0.143515256,сценарное допущение,ESA CCI Biomass v7.0,,,false
HIST-AGB-2015-2019-v1,RU_VOLOGDA_07,2024,2025,AGB,69.8924216,69.318360574,-0.143515256,68.600784292,68.457269035,-0.143515256,сценарное допущение,ESA CCI Biomass v7.0,,,false
HIST-AGB-2015-2019-v1,RU_VOLOGDA_07,2025,2026,AGB,69.8924216,69.318360574,-0.143515256,68.457269035,68.313753779,-0.143515256,сценарное допущение,ESA CCI Biomass v7.0,,,false
HIST-AGB-2015-2019-v1,RU_VOLOGDA_07,2026,2027,AGB,69.8924216,69.318360574,-0.143515256,68.313753779,68.170238522,-0.143515256,сценарное допущение,ESA CCI Biomass v7.0,,,false
HIST-AGB-2015-2019-v1,RU_VOLOGDA_07,2027,2028,AGB,69.8924216,69.318360574,-0.143515256,68.170238522,68.026723266,-0.143515256,сценарное допущение,ESA CCI Biomass v7.0,,,false
HIST-AGB-2015-2019-v1,RU_VOLOGDA_07,2028,2029,AGB,69.8924216,69.318360574,-0.143515256,68.026723266,67.883208009,-0.143515256,сценарное допущение,ESA CCI Biomass v7.0,,,false
HIST-AGB-2015-2019-v1,RU_VOLOGDA_09,2019,2020,AGB,79.164033351,79.609378645,0.111336323,79.609378645,79.720714968,0.111336323,сценарное допущение,ESA CCI Biomass v7.0,,,false
HIST-AGB-2015-2019-v1,RU_VOLOGDA_09,2020,2021,AGB,79.164033351,79.609378645,0.111336323,79.720714968,79.832051292,0.111336323,сценарное допущение,ESA CCI Biomass v7.0,,,false
HIST-AGB-2015-2019-v1,RU_VOLOGDA_09,2021,2022,AGB,79.164033351,79.609378645,0.111336323,79.832051292,79.943387615,0.111336323,сценарное допущение,ESA CCI Biomass v7.0,,,false
HIST-AGB-2015-2019-v1,RU_VOLOGDA_09,2022,2023,AGB,79.164033351,79.609378645,0.111336323,79.943387615,80.054723938,0.111336323,сценарное допущение,ESA CCI Biomass v7.0,,,false
HIST-AGB-2015-2019-v1,RU_VOLOGDA_09,2023,2024,AGB,79.164033351,79.609378645,0.111336323,80.054723938,80.166060262,0.111336323,сценарное допущение,ESA CCI Biomass v7.0,,,false
HIST-AGB-2015-2019-v1,RU_VOLOGDA_09,2024,2025,AGB,79.164033351,79.609378645,0.111336323,80.166060262,80.277396585,0.111336323,сценарное допущение,ESA CCI Biomass v7.0,,,false
HIST-AGB-2015-2019-v1,RU_VOLOGDA_09,2025,2026,AGB,79.164033351,79.609378645,0.111336323,80.277396585,80.388732909,0.111336323,сценарное допущение,ESA CCI Biomass v7.0,,,false
HIST-AGB-2015-2019-v1,RU_VOLOGDA_09,2026,2027,AGB,79.164033351,79.609378645,0.111336323,80.388732909,80.500069232,0.111336323,сценарное допущение,ESA CCI Biomass v7.0,,,false
HIST-AGB-2015-2019-v1,RU_VOLOGDA_09,2027,2028,AGB,79.164033351,79.609378645,0.111336323,80.500069232,80.611405555,0.111336323,сценарное допущение,ESA CCI Biomass v7.0,,,false
HIST-AGB-2015-2019-v1,RU_VOLOGDA_09,2028,2029,AGB,79.164033351,79.609378645,0.111336323,80.611405555,80.722741879,0.111336323,сценарное допущение,ESA CCI Biomass v7.0,,,false
HIST-AGB-2015-2019-v1,RU_MORDOVIA_10,2019,2020,AGB,11.065906063,11.22689803,0.040247992,11.22689803,11.267146022,0.040247992,сценарное допущение,ESA CCI Biomass v7.0,,,false
HIST-AGB-2015-2019-v1,RU_MORDOVIA_10,2020,2021,AGB,11.065906063,11.22689803,0.040247992,11.267146022,11.307394014,0.040247992,сценарное допущение,ESA CCI Biomass v7.0,,,false
HIST-AGB-2015-2019-v1,RU_MORDOVIA_10,2021,2022,AGB,11.065906063,11.22689803,0.040247992,11.307394014,11.347642005,0.040247992,сценарное допущение,ESA CCI Biomass v7.0,,,false
HIST-AGB-2015-2019-v1,RU_MORDOVIA_10,2022,2023,AGB,11.065906063,11.22689803,0.040247992,11.347642005,11.387889997,0.040247992,сценарное допущение,ESA CCI Biomass v7.0,,,false
HIST-AGB-2015-2019-v1,RU_MORDOVIA_10,2023,2024,AGB,11.065906063,11.22689803,0.040247992,11.387889997,11.428137989,0.040247992,сценарное допущение,ESA CCI Biomass v7.0,,,false
HIST-AGB-2015-2019-v1,RU_MORDOVIA_10,2024,2025,AGB,11.065906063,11.22689803,0.040247992,11.428137989,11.468385981,0.040247992,сценарное допущение,ESA CCI Biomass v7.0,,,false
HIST-AGB-2015-2019-v1,RU_MORDOVIA_10,2025,2026,AGB,11.065906063,11.22689803,0.040247992,11.468385981,11.508633972,0.040247992,сценарное допущение,ESA CCI Biomass v7.0,,,false
HIST-AGB-2015-2019-v1,RU_MORDOVIA_10,2026,2027,AGB,11.065906063,11.22689803,0.040247992,11.508633972,11.548881964,0.040247992,сценарное допущение,ESA CCI Biomass v7.0,,,false
HIST-AGB-2015-2019-v1,RU_MORDOVIA_10,2027,2028,AGB,11.065906063,11.22689803,0.040247992,11.548881964,11.589129956,0.040247992,сценарное допущение,ESA CCI Biomass v7.0,,,false
HIST-AGB-2015-2019-v1,RU_MORDOVIA_10,2028,2029,AGB,11.065906063,11.22689803,0.040247992,11.589129956,11.629377948,0.040247992,сценарное допущение,ESA CCI Biomass v7.0,,,false
HIST-AGB-2015-2019-v1,RU_MORDOVIA_11,2019,2020,AGB,103.751437092,99.656260825,-1.023794067,99.656260825,98.632466758,-1.023794067,сценарное допущение,ESA CCI Biomass v7.0,,,false
HIST-AGB-2015-2019-v1,RU_MORDOVIA_11,2020,2021,AGB,103.751437092,99.656260825,-1.023794067,98.632466758,97.608672692,-1.023794067,сценарное допущение,ESA CCI Biomass v7.0,,,false
HIST-AGB-2015-2019-v1,RU_MORDOVIA_11,2021,2022,AGB,103.751437092,99.656260825,-1.023794067,97.608672692,96.584878625,-1.023794067,сценарное допущение,ESA CCI Biomass v7.0,,,false
HIST-AGB-2015-2019-v1,RU_MORDOVIA_11,2022,2023,AGB,103.751437092,99.656260825,-1.023794067,96.584878625,95.561084558,-1.023794067,сценарное допущение,ESA CCI Biomass v7.0,,,false
HIST-AGB-2015-2019-v1,RU_MORDOVIA_11,2023,2024,AGB,103.751437092,99.656260825,-1.023794067,95.561084558,94.537290491,-1.023794067,сценарное допущение,ESA CCI Biomass v7.0,,,false
HIST-AGB-2015-2019-v1,RU_MORDOVIA_11,2024,2025,AGB,103.751437092,99.656260825,-1.023794067,94.537290491,93.513496424,-1.023794067,сценарное допущение,ESA CCI Biomass v7.0,,,false
HIST-AGB-2015-2019-v1,RU_MORDOVIA_11,2025,2026,AGB,103.751437092,99.656260825,-1.023794067,93.513496424,92.489702358,-1.023794067,сценарное допущение,ESA CCI Biomass v7.0,,,false
HIST-AGB-2015-2019-v1,RU_MORDOVIA_11,2026,2027,AGB,103.751437092,99.656260825,-1.023794067,92.489702358,91.465908291,-1.023794067,сценарное допущение,ESA CCI Biomass v7.0,,,false
HIST-AGB-2015-2019-v1,RU_MORDOVIA_11,2027,2028,AGB,103.751437092,99.656260825,-1.023794067,91.465908291,90.442114224,-1.023794067,сценарное допущение,ESA CCI Biomass v7.0,,,false
HIST-AGB-2015-2019-v1,RU_MORDOVIA_11,2028,2029,AGB,103.751437092,99.656260825,-1.023794067,90.442114224,89.418320157,-1.023794067,сценарное допущение,ESA CCI Biomass v7.0,,,false
