lon_west,lat_south,lon_east,lat_north,area_ha,forest_share,mean_treecover_pct,loss_share_2001_2019_pct,loss_years_2001_2019,recent_loss_2017_2019_pct,peak_year_loss_pct,future_loss_2020_2024_pct,label,tile
35.17764,57.91196,35.24164,57.95196,1741.07,0.8293,83.56,1.8932,6,0.1446,0.4574,0.2843,0,60N_030E
37.5056,56.93234,37.5696,56.97234,1787.95,0.4546,76.94,4.4388,8,1.1799,1.1372,1.0662,1,60N_030E
30.45687,53.87268,30.52087,53.91268,1930.8,0.4117,73.17,4.7871,11,0.5495,2.3971,0.8051,0,60N_030E
34.98328,53.23468,35.04728,53.27468,1959.87,0.9562,84.88,21.5064,17,6.5636,3.9222,5.4054,1,60N_030E
38.27058,59.23605,38.33458,59.27605,1676.84,0.5793,81.23,0.2441,1,0.0497,0.1327,0.7436,0,60N_030E
34.02957,59.74515,34.09357,59.78515,1651.9,0.7094,79.67,8.535,11,1.9255,2.0862,0.0,0,60N_030E
30.79307,57.96854,30.85707,58.00854,1738.33,0.3473,75.98,0.8054,1,0.7557,0.6657,0.5211,0,60N_030E
36.9283,55.54301,36.9923,55.58301,1853.49,0.5095,74.46,9.4154,17,1.8448,2.2352,1.9945,1,60N_030E
39.30867,52.2077,39.37267,52.2477,2006.14,0.3534,65.66,1.0758,1,0.0118,0.8388,0.1161,0,60N_030E
35.34909,58.63628,35.41309,58.67628,1706.05,0.9044,85.87,2.2126,8,0.4972,0.538,1.6647,1,60N_030E
30.98065,59.18426,31.04465,59.22426,1679.37,0.9975,88.63,4.26,7,2.3787,1.1657,3.5921,1,60N_030E
34.721,59.72488,34.785,59.76488,1652.9,0.8535,81.8,15.0332,14,2.0231,3.0322,4.4727,1,60N_030E
31.55037,57.96467,31.61437,58.00467,1738.53,0.9614,81.71,4.2881,10,1.3411,0.763,1.5589,1,60N_030E
37.95637,58.99496,38.02037,59.03496,1688.61,0.8176,79.44,1.3863,4,0.0403,0.6091,0.1303,0,60N_030E
30.37007,53.75816,30.43407,53.79816,1936.03,0.5099,73.8,15.2967,17,2.7644,2.3733,0.6064,0,60N_030E
33.58186,59.37287,33.64586,59.41287,1670.16,0.4909,69.1,0.9592,3,0.244,0.4215,0.5617,0,60N_030E
33.77437,57.60302,33.83837,57.64302,1755.9,0.789,77.8,10.9111,16,3.2308,1.8829,5.6088,1,60N_030E
35.5098,59.35267,35.5738,59.39267,1671.15,0.762,79.56,12.9471,10,6.8375,3.1023,5.6198,1,60N_030E
35.22469,53.63881,35.28869,53.67881,1941.48,0.4948,78.24,0.5639,1,0.0024,0.2346,0.3388,0,60N_030E
32.74802,57.71865,32.81202,57.75865,1750.36,0.9606,86.0,5.0795,8,2.0557,1.461,1.5462,1,60N_030E
32.03804,55.97325,32.10204,56.01325,1833.32,0.9515,76.65,7.3545,12,1.1844,1.3454,1.6227,1,60N_030E
35.49769,55.49128,35.56169,55.53128,1855.91,0.5803,78.4,9.1643,8,2.5639,2.5592,0.2891,0,60N_030E
31.43478,56.49588,31.49878,56.53588,1808.66,0.875,85.14,5.2497,10,1.4522,1.3575,2.7531,1,60N_030E
33.36665,58.89043,33.43065,58.93043,1693.7,0.8594,84.32,17.476,16,0.9335,6.8052,0.7938,0,60N_030E
30.2931,57.40126,30.3571,57.44126,1765.57,0.9806,80.54,3.4826,6,0.1634,1.4219,0.064,0,60N_030E
33.51857,54.66604,33.58257,54.70604,1894.29,0.4428,70.57,0.3931,1,0.026,0.1681,4.489,1,60N_030E
32.79859,56.25246,32.86259,56.29246,1820.17,0.8001,80.09,1.4283,5,0.3292,0.2842,0.1184,0,60N_030E
30.91548,59.63372,30.97948,59.67372,1657.38,0.9912,81.93,10.2247,14,1.7788,2.153,0.27,0,60N_030E
35.58007,56.75814,35.64407,56.79814,1796.23,0.7579,77.24,12.7465,13,0.7795,4.2117,0.0853,0,60N_030E
34.04313,57.19448,34.10713,57.23448,1775.46,0.8707,84.25,5.2844,13,0.0,1.0899,0.6203,0,60N_030E
39.3528,55.8418,39.4168,55.8818,1839.49,0.7392,74.39,2.7906,10,0.1398,0.5165,0.3766,0,60N_030E
33.93405,52.0704,33.99805,52.1104,2012.28,0.4757,83.73,1.7384,6,0.09,0.4453,0.6442,0,60N_030E
38.22954,55.33351,38.29354,55.37351,1863.28,0.3424,80.39,0.8385,2,0.4239,0.4026,0.4926,0,60N_030E
37.55193,58.2203,37.61593,58.2603,1726.19,0.8339,83.32,5.1046,3,4.761,3.9201,5.244,1,60N_030E
36.46946,54.05921,36.53346,54.09921,1922.25,0.8084,79.77,0.2653,0,0.0071,0.064,0.0829,0,60N_030E
30.91536,51.01407,30.97936,51.05407,2059.07,0.4004,78.59,7.9851,15,1.644,2.4089,1.6037,1,60N_030E
37.11233,54.85394,37.17633,54.89394,1885.59,0.3977,75.56,0.4974,1,0.0379,0.3506,0.0,0,60N_030E
33.94545,54.85077,34.00945,54.89077,1885.73,0.7965,80.5,0.2226,0,0.0734,0.0474,2.1437,1,60N_030E
35.48279,55.12978,35.54679,55.16978,1872.77,0.7463,82.83,4.6942,6,2.6072,2.2189,0.6513,0,60N_030E
34.44408,59.44821,34.50808,59.48821,1666.47,0.8383,80.6,23.1277,18,6.3406,4.3301,6.8094,1,60N_030E
33.23478,52.00492,33.29878,52.04492,2015.2,0.3292,65.61,0.0663,0,0.0,0.0332,0.0,0,60N_030E
37.29958,55.62902,37.36358,55.66902,1849.47,0.4941,69.08,6.9278,11,1.8194,2.1551,1.7888,1,60N_030E
34.23068,58.74125,34.29468,58.78125,1700.95,0.7877,79.95,5.9631,10,0.4953,1.0682,2.9502,1,60N_030E
33.33492,55.73126,33.39892,55.77126,1844.68,0.9787,84.95,1.6226,3,0.1255,0.9973,0.0095,0,60N_030E
39.06616,55.51402,39.13016,55.55402,1854.85,0.7856,80.38,8.5262,11,1.1465,2.2579,0.8956,0,60N_030E
39.71786,57.41572,39.78186,57.45572,1764.89,0.3566,76.38,1.3733,5,0.0521,0.4333,0.0308,0,60N_030E
33.0927,53.59873,33.1567,53.63873,1943.31,0.6828,84.0,0.3789,0,0.0166,0.0829,0.0,0,60N_030E
35.84063,55.15816,35.90463,55.19816,1871.46,0.6009,81.96,8.6994,10,2.5107,1.8287,0.9142,0,60N_030E
35.6899,56.92973,35.7539,56.96973,1788.08,0.5254,70.79,12.0206,15,1.7819,1.9609,0.2866,0,60N_030E
34.44884,55.0207,34.51284,55.0607,1877.85,0.6759,82.28,3.4435,5,0.5141,1.3711,0.0166,0,60N_030E
35.31371,54.7403,35.37771,54.7803,1890.85,0.5942,81.58,0.4382,1,0.1208,0.1019,0.0,0,60N_030E
39.61973,58.09962,39.68373,58.13962,1732.02,0.8533,83.2,0.971,3,0.1066,0.3386,0.0166,0,60N_030E
34.65687,57.38891,34.72087,57.42891,1766.17,0.8339,82.91,1.6158,3,0.0521,0.7155,0.3931,0,60N_030E
35.13611,56.88526,35.20011,56.92526,1790.18,0.7828,75.51,8.4371,10,2.9619,2.5258,0.424,0,60N_030E
30.46285,54.70957,30.52685,54.74957,1892.27,0.796,82.19,5.9713,14,1.279,0.9355,0.8337,0,60N_030E
38.84042,56.05318,38.90442,56.09318,1829.56,0.7139,79.44,4.1241,12,0.5852,0.5353,0.0521,0,60N_030E
38.86442,58.20552,38.92842,58.24552,1726.9,0.8349,85.23,0.2511,0,0.0213,0.0734,0.4287,0,60N_030E
30.44945,55.32976,30.51345,55.36976,1863.45,0.3724,74.47,0.8879,3,0.2818,0.2912,0.7955,0,60N_030E
36.39175,58.33082,36.45575,58.37082,1720.85,0.5276,78.47,5.4677,4,0.0948,4.0397,0.0403,0,60N_030E
31.99353,55.34998,32.05753,55.38998,1862.52,0.9374,85.05,1.6751,4,1.059,0.6325,0.3128,0,60N_030E
35.38503,58.03524,35.44903,58.07524,1735.13,0.7341,82.72,5.2017,6,0.0332,1.928,4.9214,1,60N_030E
30.2711,57.37152,30.3351,57.41152,1766.99,0.5207,75.0,1.4164,3,0.0071,0.8172,0.0568,0,60N_030E
33.4352,57.44292,33.4992,57.48292,1763.58,0.7048,84.12,1.8072,5,0.5022,0.7201,1.0708,1,60N_030E
33.2672,53.3954,33.3312,53.4354,1952.57,0.717,79.61,4.4647,9,0.0545,0.8646,0.0118,0,60N_030E
31.38851,52.58978,31.45251,52.62978,1989.0,0.7163,78.51,1.5985,5,0.1113,0.3789,0.7013,0,60N_030E
32.11012,53.69488,32.17412,53.73488,1938.92,0.3738,74.45,4.7461,13,0.5497,0.9691,3.6324,1,60N_030E
32.23717,59.61166,32.30117,59.65166,1658.46,0.6087,81.73,26.7247,7,0.3505,22.9951,0.0024,0,60N_030E
33.00182,54.36714,33.06582,54.40714,1908.09,0.7059,76.94,4.0937,6,0.0,1.4144,0.0,0,60N_030E
35.23572,53.91348,35.29972,53.95348,1928.93,0.8242,85.83,1.8218,3,0.4098,1.0899,1.4666,1,60N_030E
35.19042,57.46683,35.25442,57.50683,1762.43,0.8979,80.17,1.8948,5,0.0545,0.4665,0.0403,0,60N_030E
31.66997,55.54615,31.73397,55.58615,1853.35,0.9412,82.58,0.2511,1,0.0071,0.18,0.0,0,60N_030E
31.76837,55.31261,31.83237,55.35261,1864.26,0.7412,81.68,1.3171,3,0.1042,0.2724,0.0805,0,60N_030E
33.22386,57.87828,33.28786,57.91828,1742.68,0.8785,85.21,0.6371,1,0.1374,0.27,0.0474,0,60N_030E
38.60131,59.34598,38.66531,59.38598,1671.48,0.4049,83.43,0.1848,0,0.0545,0.0663,0.154,0,60N_030E
34.08252,56.09598,34.14652,56.13598,1827.55,0.7193,84.62,0.1231,0,0.0,0.045,0.0,0,60N_030E
31.80806,57.0031,31.87206,57.0431,1784.58,0.6346,81.77,2.2345,4,0.0569,0.8507,4.0648,1,60N_030E
37.61922,54.28232,37.68322,54.32232,1911.99,0.5322,78.47,1.5657,4,0.0047,0.9285,0.0,0,60N_030E
33.26765,57.44714,33.33165,57.48714,1763.38,0.4374,82.2,0.2013,0,0.0,0.0782,0.3387,0,60N_030E
37.35533,57.84139,37.41933,57.88139,1744.46,0.5767,80.3,0.5946,0,0.0355,0.0924,0.0,0,60N_030E
30.26688,51.37038,30.33088,51.41038,2043.37,0.9254,80.21,2.9368,5,2.2002,1.7431,2.7658,1,60N_030E
34.89852,54.31601,34.96252,54.35601,1910.44,0.4617,78.96,1.1273,3,0.0947,0.2392,0.3197,0,60N_030E
31.8243,59.09904,31.8883,59.13904,1683.53,0.7096,73.54,0.09,0,0.0,0.0403,0.0237,0,60N_030E
30.89438,53.4482,30.95838,53.4882,1950.17,0.6014,79.15,7.5648,14,3.8013,1.5655,4.6397,1,60N_030E
39.39227,57.30783,39.45627,57.34783,1770.04,0.469,78.5,0.765,3,0.0,0.1729,0.0166,0,60N_030E
33.14001,58.45439,33.20401,58.49439,1714.87,0.9445,79.71,9.2694,16,1.3408,1.4595,0.7104,0,60N_030E
38.99,55.11379,39.054,55.15379,1873.52,0.3293,81.43,0.5212,1,0.0,0.1208,0.0,0,60N_030E
37.99977,58.68891,38.06377,58.72891,1703.5,0.6208,68.12,0.0663,0,0.0071,0.0332,0.0,0,60N_030E
36.43533,57.59814,36.49933,57.63814,1756.14,0.9498,82.04,2.4975,9,0.6991,0.6587,1.3128,1,60N_030E
32.23337,58.49442,32.29737,58.53442,1712.93,0.7415,69.49,1.5659,5,0.3081,0.3695,0.8998,0,60N_030E
34.05668,58.88992,34.12068,58.92992,1693.73,0.9569,78.11,6.5496,11,2.1037,1.419,1.3665,1,60N_030E
32.13941,53.21955,32.20341,53.25955,1960.55,0.8193,78.45,19.157,16,3.2195,2.4284,3.4915,1,60N_030E
30.53552,55.6386,30.59952,55.6786,1849.02,0.8426,78.16,3.3474,6,0.3814,1.5443,1.9117,1,60N_030E
30.77296,56.652,30.83696,56.692,1801.26,0.8694,83.4,2.0417,7,0.0047,0.514,0.0166,0,60N_030E
34.89201,54.24549,34.95601,54.28549,1913.69,0.471,78.17,0.0947,0,0.0,0.0758,0.0284,0,60N_030E
32.67288,53.09267,32.73688,53.13267,1966.31,0.8624,77.4,18.5726,19,1.194,2.1768,1.5705,1,60N_030E
38.71589,59.19359,38.77989,59.23359,1678.92,0.6243,82.47,1.1936,3,0.1255,0.2983,0.9289,0,60N_030E
32.39312,56.25546,32.45712,56.29546,1820.03,0.6507,80.12,8.7723,15,1.9378,1.1917,0.6492,0,60N_030E
33.82117,54.55521,33.88517,54.59521,1899.42,0.8028,78.59,1.0613,3,0.4904,0.4454,0.8719,0,60N_030E
32.08458,57.09825,32.14858,57.13825,1780.04,0.9552,84.3,1.3363,4,0.0095,0.6088,7.5439,1,60N_030E
34.81719,54.42279,34.88119,54.46279,1905.52,0.6269,80.62,3.0863,7,1.7171,0.7958,0.9783,0,60N_030E
38.57701,57.54194,38.64101,57.58194,1758.84,0.8918,83.09,1.67,5,0.0047,0.5423,2.6516,1,60N_030E
32.37172,54.04162,32.43572,54.08162,1923.05,0.337,76.15,0.8765,2,0.0,0.2511,0.0,0,60N_030E
34.8348,58.34413,34.8988,58.38413,1720.21,0.9035,84.87,6.6039,15,0.5283,1.1107,0.2321,0,60N_030E
39.27008,59.08993,39.33408,59.12993,1683.98,0.8703,84.2,17.821,17,3.6793,4.0717,2.8575,1,60N_030E
38.38,54.90999,38.444,54.94999,1882.99,0.5978,80.68,0.1587,0,0.0213,0.0569,0.0,0,60N_030E
34.71248,54.08631,34.77648,54.12631,1921.0,0.5518,83.26,1.3263,5,0.4215,0.2865,0.0213,0,60N_030E
30.48895,54.71387,30.55295,54.75387,1892.08,0.7615,83.0,9.2014,16,1.1891,1.3761,2.5177,1,60N_030E
32.09567,52.65287,32.15967,52.69287,1986.16,0.4095,70.3,5.2153,9,0.668,1.3569,0.668,0,60N_030E
30.54331,51.38938,30.60731,51.42938,2042.53,0.3699,63.46,5.9805,11,2.7618,1.2293,4.3275,1,60N_030E
33.02621,56.05551,33.09021,56.09551,1829.44,0.8433,79.98,6.3176,10,1.5848,1.3455,2.6415,1,60N_030E
32.67891,53.17674,32.74291,53.21674,1962.5,0.8227,76.02,6.088,14,0.0213,1.0236,0.0,0,60N_030E
35.57234,57.62666,35.63634,57.66666,1754.78,0.6861,77.23,8.6601,14,1.7341,1.3551,2.3015,1,60N_030E
30.49672,55.32862,30.56072,55.36862,1863.51,0.4557,81.0,1.4311,5,0.1848,0.4383,0.5591,0,60N_030E
35.2993,58.97855,35.3633,59.01855,1689.41,0.8608,76.9,9.4524,14,2.6338,1.4501,1.1394,1,60N_030E
39.27274,57.53735,39.33674,57.57735,1759.05,0.6937,81.45,2.4374,7,0.0,0.9665,3.666,1,60N_030E
31.22584,53.75566,31.28984,53.79566,1936.15,0.5296,78.92,5.6774,14,1.253,0.7319,0.8648,0,60N_030E
34.76488,53.34778,34.82888,53.38778,1954.73,0.831,79.81,2.819,7,1.1987,0.822,0.3648,0,60N_030E
37.90418,51.28584,37.96818,51.32584,2047.1,0.3189,75.07,0.4241,2,0.1066,0.1754,0.0142,0,60N_030E
33.84555,56.04413,33.90955,56.08413,1829.98,0.9408,86.01,2.8529,5,0.5923,1.1303,1.0497,1,60N_030E
30.64897,58.66359,30.71297,58.70359,1704.73,0.5845,83.44,1.4136,5,0.3291,0.3078,0.4001,0,60N_030E
34.73958,53.15356,34.80358,53.19356,1963.55,0.9338,80.58,13.9616,18,2.3073,2.3735,3.8583,1,60N_030E
34.59952,58.5744,34.66352,58.6144,1709.06,0.7934,77.6,1.1319,3,0.064,0.3836,0.09,0,60N_030E
35.31924,53.29146,35.38324,53.33146,1957.3,0.9688,81.2,1.0518,3,0.0047,0.308,0.0,0,60N_030E
34.57918,57.5201,34.64318,57.5601,1759.88,0.8819,79.16,4.3679,12,0.8124,0.7722,0.3861,0,60N_030E
39.05992,57.1302,39.12392,57.1702,1778.53,0.6987,81.58,6.371,9,1.329,1.41,2.746,1,60N_030E
35.82711,56.56784,35.89111,56.60784,1805.25,0.6663,83.62,10.8914,14,0.1421,1.7786,0.2439,0,60N_030E
31.6699,59.069,31.7339,59.109,1685.01,0.8035,83.61,0.8006,2,0.0355,0.2559,0.0,0,60N_030E
33.01297,54.20973,33.07697,54.24973,1915.34,0.7401,83.16,3.78,4,1.3261,1.3572,3.7063,1,60N_030E
31.01371,57.98995,31.07771,58.02995,1737.31,0.9185,84.95,6.3695,17,0.3647,0.8669,0.5687,0,60N_030E
32.47305,54.99543,32.53705,55.03543,1879.03,0.6816,82.06,1.0636,4,0.0521,0.2227,0.9616,0,60N_030E
37.21344,58.47944,37.27744,58.51944,1713.66,0.4468,81.59,0.7768,3,0.045,0.1989,1.289,1,60N_030E
38.12525,56.48809,38.18925,56.52809,1809.03,0.3566,83.54,0.2298,0,0.0426,0.0995,0.0,0,60N_030E
34.69045,57.75632,34.75445,57.79632,1748.55,0.6357,81.81,2.8425,4,1.7742,1.6178,2.1505,1,60N_030E
32.15477,55.27261,32.21877,55.31261,1866.12,0.8527,83.06,5.9803,10,2.4156,1.2344,3.6641,1,60N_030E
37.94844,56.10451,38.01244,56.14451,1827.14,0.4134,76.52,3.9352,9,1.3909,0.8362,0.1208,0,60N_030E
32.69416,57.00708,32.75816,57.04708,1784.39,0.5974,85.54,0.1113,0,0.0095,0.0261,0.09,0,60N_030E
30.63692,55.55007,30.70092,55.59007,1853.17,0.898,81.64,7.9963,16,2.3521,1.3237,3.8989,1,60N_030E
36.19705,59.74202,36.26105,59.78202,1652.05,0.9215,83.08,7.388,10,0.1611,1.7663,3.2353,1,60N_030E
33.28804,55.85828,33.35204,55.89828,1838.72,0.6806,78.96,5.5828,11,0.3861,1.1413,2.3454,1,60N_030E
37.93484,56.56775,37.99884,56.60775,1805.25,0.3482,79.22,0.3127,0,0.0,0.09,0.0,0,60N_030E
31.84693,57.71697,31.91093,57.75697,1750.44,0.9043,82.75,0.3316,0,0.0071,0.0971,0.0142,0,60N_030E
35.78714,56.51122,35.85114,56.55122,1807.94,0.515,79.46,0.6158,1,0.1492,0.2463,0.0995,0,60N_030E
35.91122,58.09387,35.97522,58.13387,1732.3,0.9298,83.3,13.2291,13,0.5659,2.2954,1.2391,1,60N_030E
35.64954,59.02512,35.71354,59.06512,1687.14,0.5442,68.68,6.9827,14,1.8857,1.3693,0.4144,0,60N_030E
31.51196,55.05146,31.57596,55.09146,1876.42,0.7972,81.43,0.9426,1,0.9,0.8313,0.0261,0,60N_030E
37.05236,58.97224,37.11636,59.01224,1689.72,0.3134,77.23,0.135,0,0.0024,0.0521,0.2868,0,60N_030E
30.26948,50.27459,30.33348,50.31459,2091.4,0.5093,74.85,7.1482,16,1.2625,0.758,0.2629,0,60N_030E
33.84794,56.48384,33.91194,56.52384,1809.23,0.7898,82.95,4.0313,8,1.9751,1.0468,3.0993,1,60N_030E
34.00402,52.87531,34.06802,52.91531,1976.13,0.953,85.42,8.5135,15,1.1133,1.6702,2.5512,1,60N_030E
32.13219,57.01354,32.19619,57.05354,1784.08,0.9388,84.44,5.8216,7,2.0695,1.6575,5.6948,1,60N_030E
33.31953,54.7511,33.38353,54.7911,1890.35,0.5282,80.6,9.2582,17,1.7745,1.2627,3.7635,1,60N_030E
39.37456,56.89025,39.43856,56.93025,1789.94,0.3941,71.92,3.2384,6,0.0237,1.7579,0.0095,0,60N_030E
32.69238,57.16765,32.75638,57.20765,1776.74,0.904,84.36,6.2903,11,0.244,1.5466,1.782,1,60N_030E
31.20339,54.96284,31.26739,55.00284,1880.53,0.7006,77.99,3.3405,4,0.0,1.1916,0.0592,0,60N_030E
34.50045,55.06069,34.56445,55.10069,1875.99,0.6377,82.24,4.3439,7,1.8262,1.2625,1.8522,1,60N_030E
30.27593,57.8877,30.33993,57.9277,1742.23,0.756,79.5,8.5605,10,0.0,3.9461,0.1398,0,60N_030E
35.10643,52.23809,35.17043,52.27809,2004.78,0.3515,73.79,0.3339,1,0.1326,0.135,0.5542,0,60N_030E
30.50802,51.28715,30.57202,51.32715,2047.04,0.5777,73.86,9.6257,15,4.1402,1.8972,5.8968,1,60N_030E
30.5841,53.58764,30.6481,53.62764,1943.82,0.5263,72.02,1.682,4,1.1656,0.8387,5.0959,1,60N_030E
33.31294,52.20588,33.37694,52.24588,2006.22,0.4353,65.26,6.2126,15,1.5234,0.8601,2.9477,1,60N_030E
31.86857,58.27888,31.93257,58.31888,1723.36,0.9995,85.12,0.1919,0,0.0687,0.0569,1.956,1,60N_030E
35.68986,56.00057,35.75386,56.04057,1832.03,0.3797,82.41,3.3101,7,0.0213,1.2179,0.0592,0,60N_030E
30.29135,59.02604,30.35535,59.06604,1687.09,0.4576,78.28,4.4213,5,0.0213,2.7849,0.0024,0,60N_030E
30.50874,57.50355,30.57274,57.54355,1760.67,0.731,77.77,3.0375,6,0.0,0.8269,0.3057,0,60N_030E
33.39632,55.374,33.46032,55.414,1861.4,0.9141,85.88,15.0168,17,3.659,2.9035,4.5258,1,60N_030E
35.74322,58.25721,35.80722,58.29721,1724.42,0.9588,74.04,7.3072,15,2.1228,0.9924,4.5984,1,60N_030E
30.74102,51.05232,30.80502,51.09232,2057.39,0.9384,76.61,15.7057,18,1.8377,4.0219,3.1221,1,60N_030E
36.15538,52.9162,36.21938,52.9562,1974.29,0.3037,73.01,0.0734,0,0.0,0.0213,0.0,0,60N_030E
35.73126,53.85943,35.79526,53.89943,1931.4,0.6736,80.32,1.5444,7,0.398,0.521,0.0118,0,60N_030E
37.2901,58.93802,37.3541,58.97802,1691.38,0.6016,74.55,4.0152,6,2.3003,1.2105,1.1159,1,60N_030E
38.3671,59.08745,38.4311,59.12745,1684.1,0.7453,77.2,0.417,1,0.3104,0.282,0.0166,0,60N_030E
33.24748,52.43297,33.31148,52.47297,1996.05,0.3626,73.37,0.7012,2,0.0071,0.2558,0.0924,0,60N_030E
34.57436,58.11434,34.63836,58.15434,1731.31,0.8234,68.89,13.9472,14,0.2843,2.9754,0.256,0,60N_030E
36.39063,56.17533,36.45463,56.21533,1823.8,0.4511,78.75,6.8581,13,0.3954,1.3792,0.1444,0,60N_030E
35.60552,54.28614,35.66952,54.32614,1911.82,0.3253,78.83,0.4855,1,0.0189,0.1302,0.0166,0,60N_030E
36.93012,57.72492,36.99412,57.76492,1750.06,0.5799,79.09,0.0924,0,0.0213,0.0355,1.0063,1,60N_030E
31.15886,53.66523,31.22286,53.70523,1940.28,0.4212,78.61,4.2919,8,1.525,0.8406,8.9008,1,60N_030E
39.4201,57.96353,39.4841,58.00353,1738.58,0.6281,81.2,0.6492,2,0.0,0.244,0.0071,0,60N_030E
33.72912,54.92246,33.79312,54.96246,1882.41,0.586,76.39,1.1607,2,0.064,0.4003,0.0,0,60N_030E
38.26306,59.38195,38.32706,59.42195,1669.71,0.947,84.47,3.2665,6,0.045,1.1015,1.4749,1,60N_030E
35.99697,57.86315,36.06097,57.90315,1743.41,0.8996,83.82,11.6911,13,3.664,2.1788,4.0834,1,60N_030E
34.19181,57.71115,34.25581,57.75115,1750.72,0.6362,79.6,1.8269,4,0.0142,0.6564,0.0,0,60N_030E
37.92364,58.82986,37.98764,58.86986,1696.65,0.4555,70.06,0.0545,0,0.0,0.0308,0.0,0,60N_030E
32.04324,55.21601,32.10724,55.25601,1868.76,0.8508,83.34,5.4488,10,3.3975,2.253,4.643,1,60N_030E
30.90414,55.76027,30.96814,55.80027,1843.32,0.8744,80.87,11.818,11,0.0,4.5765,5.2286,1,60N_030E
34.70745,55.85104,34.77145,55.89104,1839.06,0.3878,72.92,0.0829,0,0.0,0.0189,0.0142,0,60N_030E
35.27352,53.47892,35.33752,53.51892,1948.77,0.8483,80.87,14.8917,17,1.9138,2.6739,0.6136,0,60N_030E
31.54181,53.2709,31.60581,53.3109,1958.23,0.3848,77.26,0.2583,1,0.2583,0.2583,0.6965,0,60N_030E
39.40743,58.21876,39.47143,58.25876,1726.26,0.8989,83.7,5.5574,8,0.2109,3.6431,0.3815,0,60N_030E
32.71499,54.52573,32.77899,54.56573,1900.78,0.3341,71.08,0.533,2,0.1256,0.1327,0.0,0,60N_030E
37.54263,54.08813,37.60663,54.12813,1920.92,0.3396,71.47,0.1753,0,0.0355,0.0427,0.0355,0,60N_030E
32.90992,56.0676,32.97392,56.1076,1828.88,0.6399,78.04,2.6629,10,0.3672,0.4597,0.6678,0,60N_030E
36.24512,53.65789,36.30912,53.69789,1940.61,0.4428,78.37,0.7532,2,0.1066,0.5021,0.3813,0,60N_030E
32.65873,53.68824,32.72273,53.72824,1939.23,0.6049,79.27,4.9127,11,1.1795,1.1276,2.2451,1,60N_030E
32.55902,54.94842,32.62302,54.98842,1881.21,0.5434,75.4,0.1989,0,0.0,0.0616,0.0,0,60N_030E
37.3723,58.06137,37.4363,58.10137,1733.86,0.4776,78.15,1.2336,3,0.2131,0.3149,1.8871,1,60N_030E
33.9572,59.23002,34.0212,59.27002,1677.14,0.7638,80.68,7.1179,10,0.2772,1.8925,0.0829,0,60N_030E
33.5085,58.18046,33.5725,58.22046,1728.12,0.608,79.14,3.9941,12,0.4051,0.8769,0.4122,0,60N_030E
37.96287,57.39855,38.02687,57.43855,1765.7,0.3091,77.77,0.4286,1,0.2131,0.1871,0.0213,0,60N_030E
38.87742,55.9737,38.94142,56.0137,1833.3,0.671,73.17,8.376,8,0.0213,4.7559,0.6348,0,60N_030E
35.28339,50.77226,35.34739,50.81226,2069.68,0.3712,76.72,0.27,0,0.1279,0.0853,0.0024,0,60N_030E
32.65329,56.23848,32.71729,56.27848,1820.83,0.8172,81.12,7.5534,13,0.7175,0.9332,0.1137,0,60N_030E
33.70094,56.90939,33.76494,56.94939,1789.04,0.798,82.84,4.8584,10,0.9644,1.2929,1.5875,1,60N_030E
37.19343,55.4862,37.25743,55.5262,1856.16,0.3285,75.38,0.6278,3,0.0,0.18,0.2914,0,60N_030E
31.46418,54.46691,31.52818,54.50691,1903.49,0.664,82.5,0.0663,0,0.0426,0.0426,0.0,0,60N_030E
31.05665,57.54897,31.12065,57.58897,1758.5,0.8645,80.02,4.1035,12,0.4668,1.1087,0.6801,0,60N_030E
33.70304,52.10566,33.76704,52.14566,2010.7,0.4331,78.73,2.7219,9,0.263,0.5141,0.9593,0,60N_030E
35.09194,58.94397,35.15594,58.98397,1691.1,0.9041,72.99,14.9702,14,5.5033,3.3765,3.8979,1,60N_030E
35.558,52.22232,35.622,52.26232,2005.48,0.3251,75.19,0.308,0,0.0024,0.0758,0.0308,0,60N_030E
32.71153,59.40898,32.77553,59.44898,1668.39,0.6702,70.34,8.9238,15,0.9049,2.4754,1.1183,1,60N_030E
38.62347,59.54363,38.68747,59.58363,1661.79,0.8449,83.63,8.5234,12,3.9737,1.9986,3.5564,1,60N_030E
36.25935,55.47498,36.32335,55.51498,1856.68,0.6241,79.88,0.4382,0,0.0379,0.0758,0.4784,0,60N_030E
35.27694,55.37415,35.34094,55.41415,1861.39,0.6625,81.52,2.5006,2,0.0237,2.1927,1.3428,1,60N_030E
32.27412,51.68337,32.33812,51.72337,2029.5,0.821,81.71,11.7655,16,3.1268,1.6511,5.8839,1,60N_030E
30.72496,56.79504,30.78896,56.83504,1794.47,0.9997,84.7,1.6842,4,0.2628,0.4501,0.0663,0,60N_030E
31.79019,58.4635,31.85419,58.5035,1714.44,0.9406,82.73,4.6051,10,0.0355,1.23,0.2843,0,60N_030E
32.13283,57.79594,32.19683,57.83594,1746.65,0.9202,84.51,1.457,3,0.0734,0.6539,0.019,0,60N_030E
33.73224,58.8753,33.79624,58.9153,1694.43,0.856,80.67,18.5957,17,0.649,5.4389,0.5211,0,60N_030E
39.07058,59.64591,39.13458,59.68591,1656.78,0.9946,82.81,6.2775,11,2.1868,1.4194,0.308,0,60N_030E
34.51119,57.03341,34.57519,57.07341,1783.14,0.3873,81.43,14.581,17,6.2208,3.0464,2.0779,1,60N_030E
36.81991,50.24504,36.88391,50.28504,2092.68,0.7696,76.69,11.8338,16,0.3103,5.0237,1.4877,1,60N_030E
35.87938,53.89636,35.94338,53.93636,1929.71,0.3219,80.84,0.0545,0,0.0213,0.0213,0.0308,0,60N_030E
32.75336,58.46522,32.81736,58.50522,1714.35,0.8724,83.11,24.4867,17,1.3857,5.1366,1.2437,1,60N_030E
31.49957,55.30246,31.56357,55.34246,1864.74,0.3797,64.75,0.8885,5,0.0,0.1445,0.0,0,60N_030E
39.0504,51.58301,39.1144,51.62301,2033.95,0.5925,67.18,5.3889,8,0.7224,1.2176,0.0853,0,60N_030E
35.09745,58.74209,35.16145,58.78209,1700.91,0.6793,82.52,11.6514,16,2.1814,1.7051,4.0628,1,60N_030E
33.06016,55.4614,33.12416,55.5014,1857.31,0.8284,83.47,7.8594,10,0.5473,3.0617,1.3385,1,60N_030E
39.1824,59.15681,39.2464,59.19681,1680.71,0.6775,83.32,22.2201,16,4.3218,3.107,2.2997,1,60N_030E
35.0946,59.21603,35.1586,59.25603,1677.82,0.7395,70.34,4.3729,11,0.6682,1.7436,0.0118,0,60N_030E
32.50394,52.80463,32.56794,52.84463,1979.33,0.5834,70.79,3.882,11,0.0829,0.7793,0.0071,0,60N_030E
33.89183,59.17062,33.95583,59.21062,1680.04,0.902,83.69,6.1665,11,0.4525,1.8643,0.0,0,60N_030E
33.03192,52.04858,33.09592,52.08858,2013.25,0.653,72.34,6.055,17,0.9406,0.6611,1.0851,1,60N_030E
34.02829,55.38733,34.09229,55.42733,1860.77,0.5762,79.01,1.1249,2,0.5447,0.4595,0.379,0,60N_030E
32.32348,57.6033,32.38748,57.6433,1755.89,0.9822,83.35,3.4036,10,0.4858,0.4714,1.0092,1,60N_030E
32.06073,55.24831,32.12473,55.28831,1867.25,0.7566,81.8,3.2906,7,2.2411,1.2011,3.7168,1,60N_030E
33.6106,58.64717,33.6746,58.68717,1705.53,0.7894,81.96,10.6579,17,2.4852,2.7791,4.0717,1,60N_030E
34.00977,54.06865,34.07377,54.10865,1921.81,0.9895,87.49,1.6605,3,0.019,0.7249,0.0,0,60N_030E
35.62445,53.49006,35.68845,53.53006,1948.26,0.9269,83.76,0.5686,2,0.0118,0.2109,0.0,0,60N_030E
31.75486,55.46615,31.81886,55.50615,1857.09,0.7198,81.04,0.9829,3,0.0805,0.1208,0.0687,0,60N_030E
39.36534,59.21753,39.42934,59.25753,1677.75,0.9705,85.18,9.5101,6,1.777,3.5403,2.4664,1,60N_030E
32.55118,52.04536,32.61518,52.08536,2013.39,0.4249,65.43,2.6286,10,0.2534,0.6275,0.2558,0,60N_030E
36.71128,58.41778,36.77528,58.45778,1716.64,0.4498,80.91,7.0018,8,0.0166,4.5132,0.8334,0,60N_030E
31.37252,55.1324,31.43652,55.1724,1872.66,0.7532,77.95,0.8004,2,0.0332,0.412,1.2296,1,60N_030E
33.19514,59.4101,33.25914,59.4501,1668.33,0.7941,81.53,11.6105,15,0.0189,2.4628,0.9403,0,60N_030E
32.58942,59.17041,32.65342,59.21041,1680.05,0.7353,75.59,8.1302,8,1.1086,4.3784,4.6008,1,60N_030E
33.4868,59.32504,33.5508,59.36504,1672.49,0.7706,79.99,7.7055,12,0.4074,3.4827,0.0379,0,60N_030E
38.96974,57.21123,39.03374,57.25123,1774.66,0.7197,78.68,1.6609,5,0.4503,0.4242,0.5923,0,60N_030E
33.28938,54.22071,33.35338,54.26071,1914.83,0.7278,84.17,2.9945,9,1.0732,0.6847,2.7313,1,60N_030E
33.27298,56.9255,33.33698,56.9655,1788.27,0.9543,84.91,1.1137,5,0.0,0.4384,1.0686,1,60N_030E
38.94435,55.69512,39.00835,55.73512,1846.38,0.5435,78.6,27.0695,13,0.3364,16.722,0.4927,0,60N_030E
33.456,57.82478,33.52,57.86478,1745.25,0.8866,83.63,1.0065,3,0.0071,0.206,0.5896,0,60N_030E
36.87661,55.73484,36.94061,55.77484,1844.51,0.6544,79.43,5.6777,8,0.9262,1.7195,0.3931,0,60N_030E
35.94404,53.72788,36.00804,53.76788,1937.42,0.3779,75.99,0.1042,0,0.0024,0.0781,0.0,0,60N_030E
34.34573,55.07531,34.40973,55.11531,1875.31,0.5675,77.95,2.8231,5,0.109,1.6625,0.8127,0,60N_030E
31.86046,59.1158,31.92446,59.1558,1682.71,0.3264,62.55,0.0474,0,0.0,0.0261,0.0237,0,60N_030E
36.21861,57.47215,36.28261,57.51215,1762.18,0.7795,84.46,5.0116,10,0.2037,1.1225,0.0071,0,60N_030E
34.29513,57.70024,34.35913,57.74024,1751.25,0.532,80.84,3.1919,9,0.3576,0.6725,1.7973,1,60N_030E
32.56498,53.33705,32.62898,53.37705,1955.22,0.369,75.54,6.1153,14,1.957,0.9928,1.6894,1,60N_030E
30.26804,58.6823,30.33204,58.7223,1703.82,0.7206,83.39,2.8937,5,0.0474,1.2785,0.4359,0,60N_030E
36.38145,53.33563,36.44545,53.37563,1955.29,0.4747,78.69,2.34,6,0.1421,1.1487,0.0,0,60N_030E
35.34977,50.49334,35.41377,50.53334,2081.88,0.4173,77.76,0.7036,2,0.0,0.2512,0.154,0,60N_030E
30.76081,54.78837,30.82481,54.82837,1888.63,0.894,83.43,1.3502,5,0.315,0.3363,2.6864,1,60N_030E
39.29536,51.86874,39.35936,51.90874,2021.27,0.6847,73.99,0.6302,1,0.3388,0.3009,0.1042,0,60N_030E
31.57008,57.57512,31.63408,57.61512,1757.25,0.9506,82.23,0.5873,3,0.1114,0.251,1.2383,1,60N_030E
37.38761,55.10626,37.45161,55.14626,1873.87,0.4296,77.24,1.3174,3,0.1161,0.571,0.1398,0,60N_030E
32.37672,53.30943,32.44072,53.34943,1956.48,0.6703,78.02,5.4198,16,1.0944,0.8432,1.0683,1,60N_030E
32.86322,55.66979,32.92722,55.70979,1847.56,0.991,86.32,8.1529,11,0.8453,2.6675,4.8036,1,60N_030E
37.36713,57.93229,37.43113,57.97229,1740.08,0.4231,64.01,0.8621,2,0.0379,0.2487,0.0024,0,60N_030E
36.43129,56.70168,36.49529,56.74168,1798.91,0.9667,81.16,0.4526,1,0.0,0.3483,0.0403,0,60N_030E
30.75022,56.8527,30.81422,56.8927,1791.74,0.9802,84.48,7.2109,3,0.0,3.7178,0.0,0,60N_030E
34.1109,57.7778,34.1749,57.8178,1747.51,0.9589,84.73,10.2561,5,7.9794,6.6332,5.7351,1,60N_030E
38.34724,57.54412,38.41124,57.58412,1758.73,0.6798,80.34,4.3748,9,0.5233,1.22,0.8147,0,60N_030E
31.71142,53.56211,31.77542,53.60211,1944.98,0.3454,77.41,1.1346,3,0.1729,0.3506,0.0,0,60N_030E
35.16785,57.0193,35.23185,57.0593,1783.8,0.464,78.25,3.3843,4,0.0971,1.4018,1.4099,1,60N_030E
35.04751,57.92036,35.11151,57.96036,1740.66,0.3945,78.31,0.8927,3,0.0047,0.483,0.1374,0,60N_030E
35.73758,59.34731,35.80158,59.38731,1671.4,0.3807,77.21,7.1917,11,2.5362,2.0554,1.8044,1,60N_030E
39.18346,56.44339,39.24746,56.48339,1811.15,0.4468,80.03,0.9334,3,0.5047,0.481,0.045,0,60N_030E
32.53489,54.94534,32.59889,54.98534,1881.35,0.4624,76.18,0.2013,0,0.0,0.0521,0.2819,0,60N_030E
37.44171,54.78302,37.50571,54.82302,1888.87,0.3851,74.73,0.649,2,0.0,0.2913,0.0,0,60N_030E
35.40088,51.89199,35.46488,51.93199,2020.23,0.4218,72.17,0.3174,0,0.0663,0.0829,0.1042,0,60N_030E
31.27565,58.94178,31.33965,58.98178,1691.2,0.9368,83.74,0.5779,1,0.0734,0.4405,0.0,0,60N_030E
34.58863,52.19259,34.65263,52.23259,2006.81,0.3791,72.95,0.1942,0,0.0687,0.0687,0.0995,0,60N_030E
33.65533,58.43783,33.71933,58.47783,1715.67,0.9922,76.26,3.8966,6,0.1019,1.9494,0.1184,0,60N_030E
36.36465,57.60947,36.42865,57.64947,1755.6,0.832,77.94,9.7906,17,1.4881,1.4005,2.1512,1,60N_030E
30.22163,58.42377,30.28563,58.46377,1716.35,0.532,83.67,0.2819,0,0.0071,0.0971,0.0,0,60N_030E
32.60219,58.99869,32.66619,59.03869,1688.43,0.8828,83.75,0.0663,0,0.0,0.0166,0.0,0,60N_030E
33.23087,51.61001,33.29487,51.65001,2032.75,0.5095,74.9,6.3862,17,1.4426,0.8763,1.7457,1,60N_030E
36.51481,53.44954,36.57881,53.48954,1950.1,0.7455,80.67,0.7155,2,0.0,0.398,0.0237,0,60N_030E
32.99284,55.92422,33.05684,55.96422,1835.63,0.7237,80.26,7.2734,13,0.9572,2.4605,1.3357,1,60N_030E
39.08184,56.2641,39.14584,56.3041,1819.61,0.5056,83.91,6.4383,7,1.7263,1.6705,2.6784,1,60N_030E
32.18646,56.09717,32.25046,56.13717,1827.49,0.9411,75.32,15.6746,15,3.1221,4.2019,0.9214,0,60N_030E
33.9308,58.8653,33.9948,58.9053,1694.92,0.8154,78.96,10.0116,15,1.7998,1.8739,0.6512,0,60N_030E
34.59743,59.6745,34.66143,59.7145,1655.37,0.8122,78.97,12.9281,12,0.7555,3.3724,2.6574,1,60N_030E
31.59544,53.81694,31.65944,53.85694,1933.35,0.3742,78.17,2.5756,9,1.0212,0.4478,0.8621,0,60N_030E
34.74322,59.0013,34.80722,59.0413,1688.3,0.888,79.52,5.4874,12,1.0449,1.4905,2.8989,1,60N_030E
36.34768,56.41919,36.41168,56.45919,1812.29,0.646,79.57,2.5057,7,0.1184,1.0609,0.0355,0,60N_030E
34.20211,58.88903,34.26611,58.92903,1693.76,0.843,78.2,10.2369,16,1.9871,2.3002,2.0225,1,60N_030E
32.79168,59.19598,32.85568,59.23598,1678.81,0.9206,81.75,29.8308,12,0.3055,14.383,1.0301,1,60N_030E
32.3989,52.16884,32.4629,52.20884,2007.88,0.4064,72.23,4.168,15,0.7014,0.9715,1.4146,1,60N_030E
38.51398,56.0856,38.57798,56.1256,1828.03,0.7156,77.2,9.3518,12,0.1824,3.2085,0.4479,0,60N_030E
38.0836,54.21538,38.1476,54.25538,1915.07,0.3665,79.89,1.2175,4,0.3175,0.3175,0.0047,0,60N_030E
31.7369,54.59622,31.8009,54.63622,1897.52,0.5512,80.27,0.0924,0,0.0,0.0237,0.1468,0,60N_030E
33.53275,51.85432,33.59675,51.89432,2021.9,0.6741,71.29,5.4652,13,0.6184,1.0681,2.3857,1,60N_030E
33.11962,58.74844,33.18362,58.78844,1700.61,0.762,81.07,9.4825,13,4.1993,2.6648,2.711,1,60N_030E
33.91755,57.54104,33.98155,57.58104,1758.87,0.6693,82.89,10.7631,15,2.482,2.255,5.0247,1,60N_030E
35.02181,54.94069,35.08581,54.98069,1881.57,0.6964,80.68,0.7033,2,0.4428,0.4428,0.5967,0,60N_030E
34.35282,58.59283,34.41682,58.63283,1708.16,0.8552,78.79,4.7813,11,2.1088,1.8837,3.063,1,60N_030E
37.38739,57.60432,37.45139,57.64432,1755.84,0.5593,81.52,7.3164,17,1.2578,1.0302,2.4777,1,60N_030E
32.36281,59.19489,32.42681,59.23489,1678.86,0.7537,80.24,4.9012,13,0.1825,0.8221,0.2676,0,60N_030E
33.59784,57.67625,33.66184,57.71625,1752.39,0.5071,80.18,4.6758,7,0.3837,2.2952,0.1991,0,60N_030E
31.00651,57.8509,31.07051,57.8909,1744.0,0.596,81.79,5.0775,11,0.1256,1.2321,0.3766,0,60N_030E
32.80143,56.53962,32.86543,56.57962,1806.59,0.6787,82.09,0.2866,0,0.0734,0.0806,0.0,0,60N_030E
32.96199,57.20033,33.02599,57.24033,1775.17,0.678,79.97,4.5973,11,1.2861,0.8197,2.1366,1,60N_030E
36.88387,59.61553,36.94787,59.65553,1658.26,0.812,80.17,11.9788,14,3.102,2.7383,4.8331,1,60N_030E
38.72095,56.23559,38.78495,56.27559,1820.96,0.5947,77.06,3.7163,11,0.0308,0.9568,0.0,0,60N_030E
30.91221,54.53133,30.97621,54.57133,1900.51,0.3735,77.3,7.2599,9,3.2639,2.4966,1.6463,1,60N_030E
32.95926,54.73794,33.02326,54.77794,1890.97,0.6422,80.5,5.5674,13,0.2606,1.0467,1.3838,1,60N_030E
34.81154,56.5074,34.87554,56.5474,1808.12,0.3188,79.38,0.5897,2,0.0923,0.1681,1.0656,1,60N_030E
31.72824,59.08648,31.79224,59.12648,1684.15,0.9504,83.85,1.3194,4,0.1374,0.3602,0.0427,0,60N_030E
30.96127,57.8397,31.02527,57.8797,1744.54,0.895,82.45,4.9456,11,0.1184,0.8219,0.4144,0,60N_030E
34.1237,54.63779,34.1877,54.67779,1895.59,0.6167,76.24,1.9492,9,0.3742,0.2723,0.8785,0,60N_030E
34.6579,59.49683,34.7219,59.53683,1664.08,0.8056,81.6,15.0152,17,2.7754,2.9216,3.7678,1,60N_030E
35.89584,55.47159,35.95984,55.51159,1856.84,0.7604,82.09,0.1422,0,0.0095,0.0711,0.0,0,60N_030E
32.67597,59.21898,32.73997,59.25898,1677.68,0.8956,81.13,26.0726,17,0.4004,8.6001,0.1681,0,60N_030E
39.39883,52.73574,39.46283,52.77574,1982.44,0.3361,77.62,0.4832,1,0.0,0.1255,0.0,0,60N_030E
39.2301,59.27281,39.2941,59.31281,1675.05,0.8069,84.56,3.5572,8,1.0798,0.8168,3.7644,1,60N_030E
32.67732,55.85842,32.74132,55.89842,1838.72,0.6734,75.73,2.0255,5,0.5282,0.5259,0.7914,0,60N_030E
37.75783,55.84104,37.82183,55.88104,1839.53,0.9325,81.08,2.6672,5,0.5637,0.6609,0.064,0,60N_030E
34.0201,52.91678,34.0841,52.95678,1974.26,0.9781,85.03,4.0172,9,0.1374,0.8905,1.066,1,60N_030E
39.49386,55.36887,39.55786,55.40887,1861.63,0.9846,83.38,2.8444,7,0.1019,0.6253,0.334,0,60N_030E
34.13031,58.96896,34.19431,59.00896,1689.88,0.6018,72.32,3.0473,6,0.5759,0.7368,0.2606,0,60N_030E
35.86658,58.39969,35.93058,58.43969,1717.52,0.6858,80.72,0.6489,3,0.1634,0.1586,0.1303,0,60N_030E
37.91963,59.40289,37.98363,59.44289,1668.69,0.4613,80.87,0.0687,0,0.0,0.0521,0.0,0,60N_030E
32.78969,56.59014,32.85369,56.63014,1804.2,0.9147,84.52,0.1398,0,0.0071,0.0616,0.0,0,60N_030E
38.70727,50.85557,38.77127,50.89557,2066.03,0.5455,77.53,0.0639,0,0.0568,0.0568,0.1848,0,60N_030E
30.974,52.20724,31.038,52.24724,2006.16,0.6427,82.52,5.1164,13,1.8526,0.9975,5.1856,1,60N_030E
32.69626,55.27752,32.76026,55.31752,1865.89,0.8087,83.36,7.3897,10,3.1072,1.6317,4.3889,1,60N_030E
38.73009,59.65305,38.79409,59.69305,1656.42,0.7497,80.54,0.173,0,0.0569,0.0498,0.0047,0,60N_030E
39.34165,57.32689,39.40565,57.36689,1769.13,0.4415,76.63,0.2203,1,0.0,0.1066,0.0,0,60N_030E
31.33939,58.02692,31.40339,58.06692,1735.53,0.745,74.74,2.2898,7,0.0474,0.9709,0.045,0,60N_030E
33.72705,58.90237,33.79105,58.94237,1693.12,0.808,79.92,15.5256,16,1.9018,2.831,2.1267,1,60N_030E
32.29309,58.48679,32.35709,58.52679,1713.3,0.7508,73.8,2.5086,8,0.3151,0.5614,3.1812,1,60N_030E
35.57187,56.72826,35.63587,56.76826,1797.64,0.598,79.28,10.0137,13,0.6559,2.7759,0.675,0,60N_030E
32.52982,52.47003,32.59382,52.51003,1994.38,0.5036,82.23,0.4075,0,0.0213,0.0948,0.1564,0,60N_030E
34.33773,56.6726,34.40173,56.7126,1800.29,0.3384,76.48,0.0403,0,0.0189,0.0166,0.277,0,60N_030E
35.21906,53.70938,35.28306,53.74938,1938.26,0.7745,81.8,5.8906,12,1.2933,1.1772,0.026,0,60N_030E
34.21747,58.18939,34.28147,58.22939,1727.69,0.7608,78.97,3.2068,6,0.0971,0.81,0.0781,0,60N_030E
39.36362,57.39239,39.42762,57.43239,1766.0,0.5458,81.45,1.758,5,0.1682,0.4644,0.0664,0,60N_030E
30.78363,59.35037,30.84763,59.39037,1671.26,0.9185,84.22,9.1316,14,2.0937,1.6204,0.6181,0,60N_030E
38.44546,57.88429,38.50946,57.92429,1742.39,0.3458,76.01,2.5031,6,0.0118,0.6418,0.0071,0,60N_030E
39.23048,57.80342,39.29448,57.84342,1746.29,0.9026,84.71,2.5437,6,0.9946,0.6964,2.1834,1,60N_030E
32.94215,57.17741,33.00615,57.21741,1776.27,0.7092,81.56,4.2492,9,1.1888,0.9235,2.5195,1,60N_030E
31.0307,55.72114,31.0947,55.76114,1845.16,0.976,82.64,4.8339,4,0.0142,3.6918,0.0758,0,60N_030E
31.80147,59.12695,31.86547,59.16695,1682.18,0.7506,77.04,0.2416,1,0.0,0.1137,0.0521,0,60N_030E
33.84122,53.44983,33.90522,53.48983,1950.09,0.968,79.75,9.1769,16,0.8102,0.9757,5.3382,1,60N_030E
34.1499,56.03504,34.2139,56.07504,1830.41,0.4964,78.16,0.796,3,0.3198,0.2962,0.109,0,60N_030E
36.53873,59.25603,36.60273,59.29603,1675.86,0.7208,73.87,10.7242,12,5.1068,3.3995,5.029,1,60N_030E
33.72585,56.07532,33.78985,56.11532,1828.51,0.8095,84.15,6.7888,11,3.0225,1.279,2.3619,1,60N_030E
32.30421,51.74762,32.36821,51.78762,2026.65,0.5624,72.51,4.015,13,0.848,0.7035,0.9405,0,60N_030E
36.97437,59.3034,37.03837,59.3434,1673.55,0.6383,77.4,12.3187,17,1.7418,1.5664,0.8388,0,60N_030E
37.10293,56.97412,37.16693,57.01412,1785.96,0.6124,77.33,0.732,2,0.0024,0.289,0.0,0,60N_030E
37.27937,53.99317,37.34337,54.03317,1925.28,0.3001,78.96,0.3055,0,0.0,0.09,0.0,0,60N_030E
34.78097,57.71875,34.84497,57.75875,1750.36,0.5835,78.44,4.0527,6,0.9191,1.7149,1.9397,1,60N_030E
31.52486,53.65149,31.58886,53.69149,1940.91,0.5442,82.3,6.3881,13,2.6859,1.4519,9.7978,1,60N_030E
31.16213,56.15674,31.22613,56.19674,1824.69,0.5209,77.12,4.8917,12,0.7058,1.3054,0.5827,0,60N_030E
32.96608,57.42455,33.03008,57.46455,1764.45,0.7823,82.34,0.6372,2,0.2345,0.199,0.3529,0,60N_030E
34.95343,54.21673,35.01743,54.25673,1915.02,0.8017,81.54,1.1659,2,0.5237,0.481,0.9857,0,60N_030E
30.9238,53.02075,30.9878,53.06075,1969.56,0.7397,76.05,5.8977,14,2.1768,1.1819,2.2286,1,60N_030E
36.72672,54.06588,36.79072,54.10588,1921.94,0.8325,85.81,0.0355,0,0.0,0.0166,0.0,0,60N_030E
35.57394,54.63563,35.63794,54.67563,1895.7,0.6619,81.94,2.0131,8,0.0071,0.2676,0.2512,0,60N_030E
37.01781,56.91105,37.08181,56.95105,1788.96,0.5508,78.99,0.289,0,0.0,0.0877,0.0,0,60N_030E
38.38983,55.93983,38.45383,55.97983,1834.89,0.8233,80.25,10.8112,11,1.3596,2.5796,0.0403,0,60N_030E
33.45082,52.54065,33.51482,52.58065,1991.21,0.3277,79.3,0.334,1,0.0,0.2036,0.0,0,60N_030E
32.4366,58.37762,32.5006,58.41762,1718.59,0.8554,77.91,13.2022,18,3.0628,1.7884,4.3443,1,60N_030E
35.26932,54.68877,35.33332,54.72877,1893.23,0.6913,80.92,8.9225,16,0.9855,2.2594,0.1184,0,60N_030E
32.01487,55.53899,32.07887,55.57899,1853.69,0.9874,84.48,0.5351,1,0.045,0.2297,0.0,0,60N_030E
32.14376,57.68912,32.20776,57.72912,1751.78,0.9988,84.73,6.051,10,0.0284,1.2747,0.6278,0,60N_030E
33.89983,59.54438,33.96383,59.58438,1661.76,0.8364,83.93,9.3632,13,0.045,1.9395,0.1919,0,60N_030E
38.54176,54.9535,38.60576,54.9935,1880.98,0.4224,80.48,1.2247,3,0.9287,0.6183,0.0853,0,60N_030E
35.49764,55.07428,35.56164,55.11428,1875.35,0.8984,81.55,8.7731,12,3.8963,2.1389,3.1499,1,60N_030E
34.61588,57.77343,34.67988,57.81343,1747.73,0.6464,77.15,2.653,8,0.4193,0.5993,1.1391,1,60N_030E
33.79374,57.94578,33.85774,57.98578,1739.43,0.8584,79.21,15.6601,14,0.6254,5.5463,1.2888,1,60N_030E
32.52473,57.59612,32.58873,57.63612,1756.24,0.3616,77.68,0.1113,0,0.0332,0.0332,0.0568,0,60N_030E
34.62385,54.32887,34.68785,54.36887,1909.85,0.4458,80.03,0.0213,0,0.0,0.0118,0.0166,0,60N_030E
33.81842,51.98814,33.88242,52.02814,2015.95,0.857,81.63,10.8392,18,2.6601,1.253,3.0343,1,60N_030E
33.99556,55.77932,34.05956,55.81932,1842.43,0.4991,67.35,0.2369,1,0.0,0.1185,0.0,0,60N_030E
31.82428,53.58444,31.88828,53.62444,1943.96,0.4667,75.02,2.3688,10,0.5187,0.4691,1.6603,1,60N_030E
39.41305,52.19699,39.47705,52.23699,2006.62,0.9856,79.29,1.9422,5,0.7982,0.4642,0.2606,0,60N_030E
38.62989,57.89193,38.69389,57.93193,1742.03,0.4295,74.03,1.6323,4,0.0331,0.6516,0.1872,0,60N_030E
37.44791,58.73232,37.51191,58.77232,1701.39,0.7977,79.97,10.9042,16,4.2609,2.2336,0.848,0,60N_030E
39.32027,55.03253,39.38427,55.07253,1877.29,0.793,80.6,11.9162,3,0.0,9.618,0.2346,0,60N_030E
33.08832,54.19492,33.15232,54.23492,1916.02,0.6543,80.15,3.432,11,0.3103,1.1605,0.6704,0,60N_030E
35.11294,53.99385,35.17694,54.03385,1925.24,0.8573,85.16,2.3898,9,0.1847,0.3932,0.502,0,60N_030E
31.88717,55.68133,31.95117,55.72133,1847.02,0.7289,76.54,10.0884,8,0.0,3.9218,0.0,0,60N_030E
32.88843,56.57199,32.95243,56.61199,1805.06,0.9899,87.66,0.0924,0,0.0095,0.0379,0.0261,0,60N_030E
34.83491,57.14928,34.89891,57.18928,1777.61,0.5048,81.72,2.0937,6,0.8313,0.5399,0.7389,0,60N_030E
31.54916,59.23507,31.61316,59.27507,1676.89,0.7325,82.95,6.512,11,1.0493,1.2632,2.8449,1,60N_030E
34.40026,55.00752,34.46426,55.04752,1878.46,0.7222,79.53,6.2193,4,0.9899,2.4672,0.7531,0,60N_030E
35.15203,53.62775,35.21603,53.66775,1941.99,0.9655,87.38,0.7814,2,0.0024,0.3765,0.0568,0,60N_030E
33.63148,57.46334,33.69548,57.50334,1762.6,0.7014,80.52,6.0731,9,1.8688,1.684,0.654,0,60N_030E
46.42114,58.17231,46.48514,58.21231,1728.51,0.9909,83.88,9.3584,11,2.7053,1.7322,0.7862,0,60N_040E
47.97906,59.38161,48.04306,59.42161,1669.73,0.8353,79.48,20.4985,13,1.7451,5.0751,0.5991,0,60N_040E
41.87433,56.75984,41.93833,56.79984,1796.15,0.7767,84.45,2.5769,5,0.0142,0.7958,1.8355,1,60N_040E
46.70618,58.73285,46.77018,58.77285,1701.36,0.7774,76.1,0.701,2,0.0,0.438,0.947,0,60N_040E
48.19501,53.67733,48.25901,53.71733,1939.72,0.4987,81.29,3.5643,12,0.1042,0.5802,0.1184,0,60N_040E
46.10077,58.99582,46.16477,59.03582,1688.56,0.907,83.44,5.4223,10,0.8074,1.5824,4.4246,1,60N_040E
46.86231,53.06075,46.92631,53.10075,1967.76,0.4143,79.43,2.4405,9,0.0782,0.4691,0.9453,0,60N_040E
42.54807,56.05716,42.61207,56.09716,1829.37,0.4954,81.77,4.8596,14,0.6374,0.6326,2.0045,1,60N_040E
46.31393,54.11619,46.37793,54.15619,1919.63,0.7422,80.05,5.9505,13,2.4184,0.9972,4.5952,1,60N_040E
45.66407,59.00135,45.72807,59.04135,1688.3,0.7715,83.19,5.8535,12,1.1723,1.0355,5.7922,1,60N_040E
40.45517,55.97799,40.51917,56.01799,1833.1,0.8038,83.34,5.9709,14,2.7355,1.5844,4.6436,1,60N_040E
46.944,55.39088,47.008,55.43088,1860.61,0.485,82.75,2.3432,6,0.3838,0.6776,0.7937,0,60N_040E
47.28532,52.9717,47.34932,53.0117,1971.78,0.5006,80.13,2.016,6,0.559,0.4619,0.7961,0,60N_040E
44.54831,59.30695,44.61231,59.34695,1673.38,0.8667,80.14,8.8249,14,0.7745,1.4854,9.3186,1,60N_040E
42.03194,57.30998,42.09594,57.34998,1769.94,0.6852,84.18,4.4134,12,0.7936,0.8431,3.5828,1,60N_040E
40.33812,58.71794,40.40212,58.75794,1702.09,0.5848,81.77,7.1062,12,1.0444,1.1721,1.3287,1,60N_040E
46.44813,58.47791,46.51213,58.51791,1713.73,0.428,81.62,2.3922,10,0.0,0.424,1.2559,1,60N_040E
44.33076,54.83187,44.39476,54.87187,1886.61,0.9219,81.73,9.9222,13,1.793,1.8242,3.4244,1,60N_040E
40.91293,55.36786,40.97693,55.40786,1861.68,0.9397,80.28,14.5541,17,3.5295,2.4009,3.2215,1,60N_040E
40.96684,55.09728,41.03084,55.13728,1874.28,0.747,75.08,4.4246,11,0.1397,1.0257,1.2247,1,60N_040E
47.03462,52.53286,47.09862,52.57286,1991.56,0.5366,70.59,0.495,1,0.0,0.2605,0.0,0,60N_040E
48.26791,55.23391,48.33191,55.27391,1867.93,0.4612,81.22,5.8158,10,1.724,1.4635,0.2676,0,60N_040E
41.87971,56.21248,41.94371,56.25248,1822.06,0.8198,83.13,6.2015,13,1.5705,0.8624,4.3894,1,60N_040E
41.29457,54.51483,41.35857,54.55483,1901.27,0.8096,77.91,13.0738,14,3.8115,2.1206,15.5752,1,60N_040E
48.43807,59.45015,48.50207,59.49015,1666.37,0.9887,82.5,0.7937,2,0.019,0.5805,0.0,0,60N_040E
45.75513,58.73111,45.81913,58.77111,1701.45,0.8861,83.87,6.4657,9,2.2852,1.9157,4.9028,1,60N_040E
40.33619,50.73706,40.40019,50.77706,2071.22,0.9831,84.36,2.1009,9,0.5377,0.2842,0.4311,0,60N_040E
44.29627,58.91503,44.36027,58.95503,1692.5,0.9847,85.57,6.465,6,1.4686,2.6019,10.093,1,60N_040E
42.86239,55.60085,42.92639,55.64085,1850.79,0.8963,76.57,2.7024,9,0.0166,0.5589,0.1966,0,60N_040E
47.1917,54.35309,47.2557,54.39309,1908.73,0.4369,73.48,4.7198,13,0.8834,0.9566,0.2937,0,60N_040E
41.76022,55.56541,41.82422,55.60541,1852.45,0.4098,72.69,1.3924,7,0.0142,0.1894,0.0071,0,60N_040E
40.9957,56.19956,41.0597,56.23956,1822.66,0.8906,81.59,3.4946,11,0.7226,0.5141,0.0237,0,60N_040E
44.1992,58.98506,44.2632,59.02506,1689.09,0.9721,82.91,9.5966,12,0.2749,2.6142,0.2037,0,60N_040E
44.66407,57.23567,44.72807,57.27567,1773.49,0.9035,81.9,13.0954,16,0.0403,2.9825,0.1137,0,60N_040E
41.41967,56.78878,41.48367,56.82878,1794.77,0.3711,77.1,4.2072,9,0.0829,1.2838,0.019,0,60N_040E
42.69762,56.95674,42.76162,56.99674,1786.79,0.6816,80.36,14.2337,19,3.5936,1.6866,18.0612,1,60N_040E
48.83262,56.6204,48.89662,56.6604,1802.76,1.0,85.08,8.6846,15,1.2272,1.3597,1.7959,1,60N_040E
42.55107,56.14039,42.61507,56.18039,1825.45,0.4343,78.67,0.9927,3,0.0118,0.3151,0.0166,0,60N_040E
42.4984,57.28756,42.5624,57.32756,1771.01,0.5766,80.59,3.2364,10,0.6587,0.6279,20.3282,1,60N_040E
41.4107,56.93617,41.4747,56.97617,1787.77,0.5418,82.37,2.1766,5,0.9025,0.6562,2.3847,1,60N_040E
44.57582,57.00614,44.63982,57.04614,1784.44,0.8833,82.11,1.3883,6,0.1966,0.3388,0.6869,0,60N_040E
42.06179,54.83405,42.12579,54.87405,1886.51,0.9577,80.33,19.3386,13,8.0725,3.3002,13.3892,1,60N_040E
40.50598,57.81118,40.56998,57.85118,1745.91,0.5626,79.1,0.9217,3,0.0,0.199,1.39,1,60N_040E
41.83611,56.70999,41.90011,56.74999,1798.52,0.9099,86.37,5.4022,11,1.0895,1.2696,0.7793,0,60N_040E
44.70007,57.14116,44.76407,57.18116,1778.0,0.9332,85.55,15.4362,15,2.5435,2.2104,2.4447,1,60N_040E
43.14774,54.97349,43.21174,55.01349,1880.05,0.9843,84.25,10.2532,16,2.7317,2.3975,6.4603,1,60N_040E
40.39765,58.68514,40.46165,58.72514,1703.68,0.4993,82.12,25.3658,9,0.0071,11.6554,0.2204,0,60N_040E
42.99451,52.91121,43.05851,52.95121,1974.52,0.8697,82.69,0.488,1,0.1847,0.1847,0.1208,0,60N_040E
45.70279,56.34626,45.76679,56.38626,1815.73,0.8881,71.7,29.8872,7,0.0498,24.6995,10.6279,1,60N_040E
40.53485,58.28757,40.59885,58.32757,1722.94,0.8577,83.42,2.6577,4,0.0,0.8289,2.6837,1,60N_040E
43.91153,56.07442,43.97553,56.11442,1828.56,0.3072,76.79,0.2393,1,0.0071,0.1019,0.3433,0,60N_040E
41.50127,56.04118,41.56527,56.08118,1830.13,0.9627,84.93,10.4698,11,2.6411,2.807,7.5514,1,60N_040E
47.14516,58.78588,47.20916,58.82588,1698.79,0.781,78.95,13.0083,14,4.8348,2.2496,3.838,1,60N_040E
43.5536,54.69512,43.6176,54.73512,1892.94,0.8206,81.28,3.591,6,0.0,1.2792,0.0,0,60N_040E
46.80337,59.17435,46.86737,59.21435,1679.86,0.7918,83.24,7.7711,10,0.8406,2.9135,1.215,1,60N_040E
44.02897,58.99801,44.09297,59.03801,1688.46,0.7164,80.2,1.9356,5,0.0095,0.5615,0.3625,0,60N_040E
46.47062,57.58907,46.53462,57.62907,1756.57,0.4312,85.54,5.9091,13,0.0971,1.758,2.1467,1,60N_040E
41.98364,53.3466,42.04764,53.3866,1954.79,0.8606,82.83,6.893,11,2.3263,0.9713,1.5113,1,60N_040E
45.46334,58.16329,45.52734,58.20329,1728.94,0.8197,78.25,1.1559,3,0.0568,0.5282,0.1232,0,60N_040E
40.52153,52.76002,40.58553,52.80002,1981.33,0.4434,76.15,2.6367,6,1.4996,0.6799,1.1963,1,60N_040E
49.43616,57.26312,49.50016,57.30312,1772.18,0.5755,83.32,9.2486,18,1.3575,1.3596,1.3833,1,60N_040E
43.11295,53.48601,43.17695,53.52601,1948.44,0.3264,73.8,1.092,3,0.0805,0.2559,0.0,0,60N_040E
41.71529,56.59371,41.77929,56.63371,1804.03,0.6707,79.88,11.9175,15,3.8346,1.8309,2.8713,1,60N_040E
49.02476,59.21891,49.08876,59.25891,1677.68,0.7907,79.28,6.5521,12,0.8484,1.1346,2.6937,1,60N_040E
42.27553,58.15015,42.33953,58.19015,1729.58,0.5848,79.23,5.7337,11,3.3322,1.4709,1.6655,1,60N_040E
41.08053,58.24412,41.14453,58.28412,1725.04,0.8888,83.15,4.5663,10,1.1627,0.7604,2.0152,1,60N_040E
48.53274,56.53205,48.59674,56.57205,1806.95,0.9907,82.26,14.6471,16,0.9117,2.2724,0.9833,0,60N_040E
47.03397,58.16362,47.09797,58.20362,1728.93,0.7304,82.85,6.8691,16,0.668,1.1439,2.9981,1,60N_040E
42.40923,56.29088,42.47323,56.33088,1818.35,0.9188,85.42,0.3719,1,0.0,0.1658,0.0,0,60N_040E
46.13202,53.76203,46.19602,53.80203,1935.85,0.9306,84.43,13.9872,17,1.3219,2.054,0.5828,0,60N_040E
42.74137,59.01972,42.80537,59.05972,1687.41,0.8716,85.78,3.272,11,1.3765,0.7628,0.7298,0,60N_040E
41.87799,57.83847,41.94199,57.87847,1744.6,0.9158,84.44,6.5236,12,2.6201,1.618,2.9231,1,60N_040E
40.78411,58.75804,40.84811,58.79804,1700.14,0.6303,82.27,21.36,16,3.4108,3.5026,4.4382,1,60N_040E
40.61757,59.45299,40.68157,59.49299,1666.24,0.8957,83.35,14.4679,16,9.0718,7.0533,6.3586,1,60N_040E
41.11698,56.78614,41.18098,56.82614,1794.9,0.7761,82.01,6.0989,12,1.5539,1.2148,4.4814,1,60N_040E
40.26662,55.65663,40.33062,55.69663,1848.18,0.9474,79.57,48.1406,13,0.1421,19.9931,0.0,0,60N_040E
46.13451,59.46875,46.19851,59.50875,1665.46,0.9537,84.54,4.7134,7,0.5117,1.4571,1.028,1,60N_040E
46.36562,56.62437,46.42962,56.66437,1802.57,0.9687,84.92,1.1159,5,0.1469,0.4076,0.1706,0,60N_040E
41.84755,56.18545,41.91155,56.22545,1823.33,0.8614,84.33,6.2568,13,1.7191,1.7382,1.2954,1,60N_040E
45.53123,54.80992,45.59523,54.84992,1887.63,0.9918,85.51,0.0189,0,0.0047,0.0142,0.0,0,60N_040E
42.46101,53.97428,42.52501,54.01428,1926.14,0.9882,82.64,4.3721,11,1.5346,0.8006,0.9119,0,60N_040E
40.81598,59.02108,40.87998,59.06108,1687.33,0.9969,85.57,0.7912,1,0.0876,0.5993,0.2156,0,60N_040E
46.35181,56.89766,46.41581,56.93766,1789.6,0.9889,89.13,2.921,9,0.0,0.8434,0.6469,0,60N_040E
45.31327,59.05018,45.37727,59.09018,1685.92,0.9994,84.89,6.0577,4,0.2582,2.8136,2.1156,1,60N_040E
46.87021,55.76938,46.93421,55.80938,1842.89,0.3456,82.07,0.1089,0,0.0071,0.0545,0.0,0,60N_040E
41.88038,54.92481,41.94438,54.96481,1882.3,0.7468,63.83,48.983,8,0.0166,43.4935,0.0,0,60N_040E
45.99511,53.63971,46.05911,53.67971,1941.44,0.794,81.67,7.3738,15,1.2578,1.0257,2.0182,1,60N_040E
43.86465,59.24116,43.92865,59.28116,1676.6,0.9848,83.46,0.0403,0,0.0024,0.0142,3.0357,1,60N_040E
48.10365,57.75569,48.16765,57.79569,1748.58,0.6325,81.92,5.9363,16,1.2766,0.8195,1.5896,1,60N_040E
48.36014,57.7851,48.42414,57.8251,1747.16,0.4371,78.0,3.0341,7,0.3056,1.0993,1.3741,1,60N_040E
47.92063,52.41937,47.98463,52.45937,1996.66,0.4997,75.03,0.3245,0,0.0829,0.0711,0.0592,0,60N_040E
48.52975,57.63385,48.59375,57.67385,1754.43,0.53,81.89,4.2307,10,0.3695,0.7438,1.2411,1,60N_040E
40.78487,54.63734,40.84887,54.67734,1895.62,0.3893,83.74,3.1658,3,2.526,2.1137,3.4571,1,60N_040E
48.52524,58.26914,48.58924,58.30914,1723.84,0.9228,79.79,1.6794,4,0.6893,0.6419,0.2345,0,60N_040E
47.22446,57.676,47.28846,57.716,1752.41,0.6821,84.46,8.3714,11,3.6618,1.9825,0.8454,0,60N_040E
41.15495,55.30221,41.21895,55.34221,1864.75,0.8899,80.29,17.4832,16,2.2004,4.8955,6.3247,1,60N_040E
45.44143,53.10616,45.50543,53.14616,1965.7,0.3037,80.29,0.2865,0,0.0,0.09,0.0,0,60N_040E
43.54284,55.87145,43.60684,55.91145,1838.11,0.468,76.06,0.2937,0,0.0947,0.0497,0.128,0,60N_040E
48.03218,56.26757,48.09618,56.30757,1819.45,0.9866,77.7,3.488,10,1.2109,0.718,1.8053,1,60N_040E
47.1406,58.54898,47.2046,58.58898,1710.29,0.7684,81.23,4.8908,11,1.0824,1.0727,1.8499,1,60N_040E
42.83826,59.66458,42.90226,59.70458,1655.86,0.9183,83.85,4.3928,5,3.2914,3.0333,18.6966,1,60N_040E
46.55999,55.17872,46.62399,55.21872,1870.5,0.4525,77.81,1.3213,4,0.3268,0.2605,0.6417,0,60N_040E
48.14233,56.25859,48.20633,56.29859,1819.87,0.9548,79.46,14.8433,17,3.4113,2.2577,4.932,1,60N_040E
46.70431,53.05175,46.76831,53.09175,1968.17,0.5346,80.09,3.733,13,0.2228,0.6821,0.9407,0,60N_040E
42.14486,59.38496,42.20886,59.42496,1669.57,0.8281,80.92,0.5946,1,0.0,0.2867,0.0,0,60N_040E
40.42801,54.70571,40.49201,54.74571,1892.46,0.8432,75.84,0.4193,1,0.0711,0.1113,0.0521,0,60N_040E
40.28214,50.64668,40.34614,50.68668,2075.18,0.9973,87.1,2.3923,9,0.5046,0.4121,0.4903,0,60N_040E
41.20317,55.3295,41.26717,55.3695,1863.47,0.8309,79.82,11.9086,15,1.1892,4.5871,5.2731,1,60N_040E
41.33907,55.33285,41.40307,55.37285,1863.31,0.7539,74.45,47.6893,13,0.0166,41.3213,0.0213,0,60N_040E
47.98856,58.16034,48.05256,58.20034,1729.09,0.7867,80.96,7.4509,17,1.2176,0.8834,0.3766,0,60N_040E
40.41778,51.26442,40.48178,51.30442,2048.05,0.7546,70.96,2.4419,8,0.1113,0.5424,0.514,0,60N_040E
45.58956,52.64227,45.65356,52.68227,1986.64,0.3807,79.56,0.5141,0,0.0616,0.0995,1.6986,1,60N_040E
40.74767,57.15358,40.81167,57.19358,1777.4,0.7315,78.57,1.4378,3,0.0971,0.263,0.0047,0,60N_040E
45.88294,57.05837,45.94694,57.09837,1781.95,0.9837,83.35,5.5867,8,0.2867,2.8451,2.7673,1,60N_040E
47.34664,52.86666,47.41064,52.90666,1976.53,0.4652,77.06,3.6838,11,0.1753,0.8622,0.1611,0,60N_040E
49.0138,58.98463,49.0778,59.02463,1689.11,0.4847,82.11,5.8824,11,0.5565,0.9306,2.5265,1,60N_040E
45.21819,57.99387,45.28219,58.03387,1737.12,0.8655,84.24,5.9387,9,3.7687,1.7268,3.6196,1,60N_040E
47.25002,57.2807,47.31402,57.3207,1771.34,0.6029,82.15,10.7228,17,0.8384,1.4661,0.1824,0,60N_040E
44.8823,52.87761,44.9463,52.91761,1976.03,0.4584,80.12,1.2952,4,0.0095,0.5683,0.0,0,60N_040E
49.64548,59.60305,49.70948,59.64305,1658.87,0.9569,77.45,0.09,0,0.0,0.045,1.6197,1,60N_040E
43.33095,54.82682,43.39495,54.86682,1886.84,0.966,85.02,2.7759,4,0.2652,1.1438,0.6751,0,60N_040E
48.88879,56.62946,48.95279,56.66946,1802.34,0.994,84.65,7.5372,16,0.6442,1.5516,0.3175,0,60N_040E
48.67143,58.40816,48.73543,58.44816,1717.11,0.6685,79.44,0.1279,0,0.0071,0.0308,0.0,0,60N_040E
48.39683,58.86683,48.46083,58.90683,1694.85,0.8761,78.31,2.788,6,0.109,0.6631,0.064,0,60N_040E
49.01358,56.72029,49.07758,56.76029,1798.02,0.8523,82.02,7.7916,15,1.7317,2.5733,2.0464,1,60N_040E
48.82453,55.678,48.88853,55.718,1847.18,0.3972,70.09,0.0521,0,0.0,0.0095,0.071,0,60N_040E
47.72579,52.94863,47.78979,52.98863,1972.82,0.4822,71.26,4.4856,11,0.6348,0.9947,2.5937,1,60N_040E
46.00705,53.67998,46.07105,53.71998,1939.61,0.352,76.85,0.6493,2,0.1872,0.2867,2.7522,1,60N_040E
46.31614,59.51332,46.38014,59.55332,1663.27,0.9993,85.43,2.9847,5,0.0,1.0709,0.0592,0,60N_040E
45.84369,59.2823,45.90769,59.3223,1674.58,0.9782,79.66,7.7328,15,2.3976,2.0374,5.2289,1,60N_040E
44.19571,59.2069,44.25971,59.2469,1678.27,0.997,85.98,5.2466,4,0.0,2.365,19.0296,1,60N_040E
46.96826,53.65948,47.03226,53.69948,1940.54,0.4808,79.26,4.1194,9,0.5971,0.7511,2.1559,1,60N_040E
41.68286,56.76976,41.74686,56.80976,1795.67,0.6512,80.65,6.2341,10,2.2156,1.7322,1.1893,1,60N_040E
49.33718,57.98892,49.40118,58.02892,1737.36,0.5359,78.43,7.5911,16,0.9878,1.3333,4.9906,1,60N_040E
49.40506,58.11339,49.46906,58.15339,1731.36,0.3158,77.47,0.6965,2,0.0521,0.2985,0.0166,0,60N_040E
42.00791,57.44473,42.07191,57.48473,1763.5,0.5678,80.39,0.9072,1,0.0,0.6254,0.1942,0,60N_040E
42.58376,56.14462,42.64776,56.18462,1825.25,0.3366,77.51,0.4192,1,0.0024,0.1161,0.0213,0,60N_040E
49.67113,54.21897,49.73513,54.25897,1914.91,0.8775,80.88,1.8075,6,0.1635,0.3932,0.8762,0,60N_040E
49.1552,56.68552,49.2192,56.72552,1799.67,0.5192,81.42,3.7117,9,0.9475,0.938,2.049,1,60N_040E
47.65284,52.74661,47.71684,52.78661,1981.94,0.7783,78.98,0.4287,1,0.0261,0.2677,0.0497,0,60N_040E
45.32459,51.80812,45.38859,51.84812,2023.96,0.3402,81.7,0.1848,1,0.0,0.1303,1.3221,1,60N_040E
40.42332,56.90609,40.48732,56.94609,1789.19,0.8365,77.21,7.0024,17,1.684,0.9265,0.8716,0,60N_040E
42.78946,55.53105,42.85346,55.57105,1854.05,0.978,81.07,14.4436,18,3.4847,1.7604,6.7947,1,60N_040E
40.8868,55.35974,40.9508,55.39974,1862.07,0.953,80.54,14.7298,16,2.0344,2.6319,5.1265,1,60N_040E
44.12671,53.85665,44.19071,53.89665,1931.53,0.3528,78.46,0.8953,3,0.1445,0.1374,0.341,0,60N_040E
41.25623,55.37254,41.32023,55.41254,1861.46,0.8873,72.01,55.0369,9,0.0284,51.4129,0.0,0,60N_040E
46.42199,57.88529,46.48599,57.92529,1742.34,0.7362,82.37,3.401,10,0.6868,0.6394,0.4975,0,60N_040E
42.86477,55.59426,42.92877,55.63426,1851.09,0.8841,77.09,2.4751,9,0.0166,0.4949,0.2179,0,60N_040E
45.79029,53.32918,45.85429,53.36918,1955.58,0.9734,85.49,1.3881,4,0.6443,0.6443,0.3389,0,60N_040E
42.91128,56.7121,42.97528,56.7521,1798.41,0.6875,81.2,3.9605,10,0.1208,0.9334,0.071,0,60N_040E
46.98603,58.97279,47.05003,59.01279,1689.69,0.5,77.46,2.5912,5,0.0071,1.2195,0.67,0,60N_040E
42.07461,58.80588,42.13861,58.84588,1697.81,0.9583,87.11,6.2234,16,2.0603,0.8621,3.9377,1,60N_040E
48.21013,57.9298,48.27413,57.9698,1740.2,0.8249,84.49,3.6624,10,1.4762,1.263,1.4714,1,60N_040E
42.2641,54.51692,42.3281,54.55692,1901.18,0.9276,86.24,4.9249,11,1.8434,0.8507,6.2487,1,60N_040E
47.11199,52.05397,47.17599,52.09397,2013.01,0.6281,69.97,0.1588,1,0.0,0.128,0.1515,0,60N_040E
41.9266,51.27451,41.9906,51.31451,2047.6,0.5447,78.27,0.9806,2,0.1279,0.5235,0.1989,0,60N_040E
48.54165,59.29751,48.60565,59.33751,1673.84,0.8606,84.36,6.2075,11,0.6162,2.1634,3.8003,1,60N_040E
46.45504,53.36492,46.51904,53.40492,1953.96,0.6552,77.83,8.212,16,1.4949,1.232,3.6985,1,60N_040E
42.03706,57.85336,42.10106,57.89336,1743.88,0.763,83.19,14.2818,16,3.0142,2.5114,2.6965,1,60N_040E
41.33874,57.63719,41.40274,57.67719,1754.27,0.4932,80.87,0.5637,2,0.0758,0.2558,0.0379,0,60N_040E
47.51147,53.33344,47.57547,53.37344,1955.39,0.8424,77.57,3.2409,11,0.6421,0.5638,0.488,0,60N_040E
44.92156,56.2661,44.98556,56.3061,1819.52,0.8718,79.21,24.6974,8,0.1871,22.4142,0.3531,0,60N_040E
46.721,56.54637,46.785,56.58637,1806.27,0.9411,75.49,13.6312,16,0.8052,4.3281,6.4001,1,60N_040E
45.11247,59.75662,45.17647,59.79662,1651.34,0.3561,77.71,1.5441,5,0.5969,0.4169,3.0196,1,60N_040E
46.31066,58.57508,46.37466,58.61508,1709.02,0.9981,86.66,2.5188,4,1.1965,0.8934,0.327,0,60N_040E
40.34856,55.04164,40.41256,55.08164,1876.88,0.541,79.65,5.3712,12,2.0141,1.5497,3.8305,1,60N_040E
49.51811,59.1808,49.58211,59.2208,1679.54,0.9915,85.62,7.6057,8,0.0,3.1405,0.0,0,60N_040E
42.00652,57.2514,42.07052,57.2914,1772.74,0.7243,84.47,6.5552,11,3.7076,3.2243,10.4319,1,60N_040E
45.59128,54.55799,45.65528,54.59799,1899.29,0.3057,74.36,0.0782,0,0.0,0.0403,0.0,0,60N_040E
48.87867,55.93326,48.94267,55.97326,1835.19,0.9025,83.1,0.1658,0,0.0,0.0403,0.0237,0,60N_040E
45.71649,59.72969,45.78049,59.76969,1652.66,0.9916,83.23,12.6408,13,3.8035,2.4442,6.8665,1,60N_040E
41.16887,58.28654,41.23287,58.32654,1722.99,0.7392,83.26,4.3784,10,1.5377,0.9786,3.5778,1,60N_040E
46.62836,55.99125,46.69236,56.03125,1832.47,0.3365,84.16,0.0616,0,0.0071,0.0261,0.0071,0,60N_040E
47.45211,53.3052,47.51611,53.3452,1956.67,0.4364,70.1,1.7835,6,0.5685,0.4524,0.1279,0,60N_040E
42.64575,59.72672,42.70975,59.76672,1652.81,0.9699,84.06,4.56,3,0.0,3.8138,1.0441,1,60N_040E
47.71665,57.85486,47.78065,57.89486,1743.81,0.8025,80.48,0.1184,0,0.0118,0.0403,0.0189,0,60N_040E
42.71038,57.36459,42.77438,57.40459,1767.33,0.6285,82.24,0.5401,1,0.0379,0.1872,0.0332,0,60N_040E
49.36563,59.09359,49.42963,59.13359,1683.8,0.8904,80.67,17.4441,16,3.402,2.985,2.4622,1,60N_040E
44.15683,57.55443,44.22083,57.59443,1758.24,0.9959,78.46,1.3855,4,0.1752,0.6774,0.0,0,60N_040E
45.59007,57.26243,45.65407,57.30243,1772.21,0.7096,83.36,2.9066,9,0.2416,0.7605,1.156,1,60N_040E
44.40694,54.66374,44.47094,54.70374,1894.4,0.4628,77.28,0.6488,2,0.1066,0.1965,0.3032,0,60N_040E
43.24954,57.31024,43.31354,57.35024,1769.93,0.5039,79.36,5.5544,5,0.3104,3.0356,0.5117,0,60N_040E
46.55026,53.46932,46.61426,53.50932,1949.2,0.6389,81.39,5.2108,10,0.9215,2.0297,2.1059,1,60N_040E
40.84823,58.04075,40.91223,58.08075,1734.87,0.9584,79.23,0.0568,0,0.0308,0.0308,0.0,0,60N_040E
46.01756,56.35737,46.08156,56.39737,1815.21,0.9619,80.52,0.559,2,0.3316,0.1611,1.9284,1,60N_040E
47.25246,53.71224,47.31646,53.75224,1938.13,0.8098,80.04,6.423,14,2.2997,1.4139,2.3681,1,60N_040E
43.8033,58.15709,43.8673,58.19709,1729.25,0.9597,78.69,9.3189,13,4.9611,2.1464,2.0752,1,60N_040E
44.63114,59.23555,44.69514,59.27555,1676.87,0.842,77.71,1.3733,4,0.0047,0.5682,4.1392,1,60N_040E
47.63246,59.47396,47.69646,59.51396,1665.21,0.9781,85.41,0.0213,0,0.0,0.0095,0.0853,0,60N_040E
44.10711,54.81422,44.17111,54.85422,1887.43,0.4997,78.42,0.2488,1,0.1706,0.1683,0.0095,0,60N_040E
43.08111,56.13819,43.14511,56.17819,1825.56,0.3069,69.86,0.2061,0,0.0,0.0521,0.0,0,60N_040E
44.2485,54.70921,44.3125,54.74921,1892.3,0.8018,83.21,3.2787,8,0.4905,0.8433,0.647,0,60N_040E
41.61585,59.71375,41.67985,59.75375,1653.44,0.9857,85.07,2.7886,2,0.0,2.042,1.4183,1,60N_040E
44.74757,59.70646,44.81157,59.74646,1653.81,0.8885,84.68,1.9311,6,0.391,0.4193,2.9385,1,60N_040E
44.42933,59.19337,44.49333,59.23337,1678.93,0.9934,86.42,10.5967,5,8.1831,4.993,14.7632,1,60N_040E
43.64231,56.75467,43.70631,56.79467,1796.39,0.9298,81.83,4.0236,13,0.3292,0.753,1.2057,1,60N_040E
42.9497,56.59811,43.0137,56.63811,1803.82,0.678,81.96,2.0794,7,0.4334,0.7531,0.6134,0,60N_040E
45.14514,59.29926,45.20914,59.33926,1673.75,1.0,85.02,7.7441,8,5.7072,3.7131,3.763,1,60N_040E
45.68385,54.06497,45.74785,54.10497,1921.99,0.6695,81.23,0.2155,1,0.135,0.1207,0.0,0,60N_040E
44.15087,57.4619,44.21487,57.5019,1762.67,0.9838,77.64,0.8502,1,0.1871,0.2013,0.0284,0,60N_040E
40.54756,56.705,40.61156,56.745,1798.74,0.6637,76.15,4.9879,13,0.3151,0.9732,0.9451,0,60N_040E
41.79752,57.13701,41.86152,57.17701,1778.19,0.3458,81.11,1.3548,5,0.0924,0.2841,1.1703,1,60N_040E
42.87478,52.85288,42.93878,52.89288,1977.15,0.4698,80.8,0.791,1,0.045,0.6489,0.2344,0,60N_040E
41.25298,56.94328,41.31698,56.98328,1787.42,0.3787,78.1,0.7486,1,0.0095,0.2795,0.2297,0,60N_040E
48.64842,58.84923,48.71242,58.88923,1695.71,0.9995,85.74,1.0898,1,0.1066,0.4929,0.5066,0,60N_040E
43.47614,58.14746,43.54014,58.18746,1729.72,0.9706,82.91,1.241,4,0.3007,0.4003,1.8543,1,60N_040E
47.78013,58.05139,47.84413,58.09139,1734.35,0.8448,82.65,10.0304,18,1.9875,1.5137,0.3055,0,60N_040E
44.24088,57.30102,44.30488,57.34102,1770.36,0.601,79.65,3.0908,4,0.4003,1.6699,2.6194,1,60N_040E
47.47349,53.6027,47.53749,53.6427,1943.13,0.9113,81.61,5.6661,14,0.5707,0.931,0.9142,0,60N_040E
42.65,55.93577,42.714,55.97577,1835.08,0.5884,80.08,0.7343,3,0.0047,0.2132,0.0166,0,60N_040E
44.27751,54.44849,44.34151,54.48849,1904.34,0.9279,83.74,0.3719,1,0.2084,0.1374,0.0,0,60N_040E
46.66981,58.66146,46.73381,58.70146,1704.83,0.9925,86.03,0.2155,0,0.0261,0.0616,0.0,0,60N_040E
42.40733,53.79133,42.47133,53.83133,1934.51,0.9882,85.66,2.6643,9,0.0497,0.6749,0.5897,0,60N_040E
48.50905,58.36297,48.57305,58.40297,1719.3,0.5831,75.62,0.2653,0,0.0805,0.0805,0.0355,0,60N_040E
42.19464,58.57918,42.25864,58.61918,1708.83,0.5778,81.66,11.6129,17,1.722,1.6578,4.867,1,60N_040E
47.24761,58.15275,47.31161,58.19275,1729.46,0.782,83.1,5.936,12,3.091,2.1199,3.4581,1,60N_040E
41.03492,55.13718,41.09892,55.17718,1872.43,0.9172,74.96,43.934,18,1.8103,30.1919,2.5021,1,60N_040E
47.61421,56.89285,47.67821,56.93285,1789.83,0.521,83.05,2.7809,5,0.5662,0.6179,0.0758,0,60N_040E
40.25831,59.61027,40.32231,59.65027,1658.52,0.8382,79.2,18.9177,18,1.0445,3.4269,1.3645,1,60N_040E
45.14159,58.64025,45.20559,58.68025,1705.85,0.8811,85.93,3.1128,8,0.9216,0.9074,1.7936,1,60N_040E
48.30051,56.93446,48.36451,56.97446,1787.85,0.5941,82.3,5.7611,12,0.4998,1.3906,1.3692,1,60N_040E
42.04687,56.17277,42.11087,56.21277,1823.92,0.5976,82.38,3.9665,5,0.0166,1.281,0.0,0,60N_040E
42.00811,57.90905,42.07211,57.94905,1741.2,0.8243,82.72,7.8593,15,1.151,1.2862,3.8612,1,60N_040E
41.80068,59.68018,41.86468,59.72018,1655.1,0.9993,88.86,0.0521,0,0.0071,0.0355,0.0213,0,60N_040E
48.21293,55.8677,48.27693,55.9077,1838.28,0.4759,64.53,0.2937,0,0.0,0.0687,0.0,0,60N_040E
44.43329,59.22314,44.49729,59.26314,1677.48,0.9861,86.8,9.4045,4,9.241,8.4709,17.9518,1,60N_040E
41.18991,55.68457,41.25391,55.72457,1846.87,0.8525,77.88,16.2643,18,3.7253,1.8187,8.9231,1,60N_040E
43.28815,59.53512,43.35215,59.57512,1662.21,0.9512,83.11,20.4838,14,0.0261,7.6607,0.0876,0,60N_040E
47.38043,56.64829,47.44443,56.68829,1801.44,0.9826,83.08,0.8504,2,0.0545,0.3033,0.3291,0,60N_040E
45.50777,56.32339,45.57177,56.36339,1816.82,0.8521,76.88,0.0948,0,0.0498,0.0498,0.0,0,60N_040E
48.698,57.9268,48.762,57.9668,1740.35,0.9905,81.81,12.4781,15,2.6932,2.5655,3.6509,1,60N_040E
40.77619,56.66441,40.84019,56.70441,1800.68,0.9153,82.83,7.31,10,2.4715,1.274,4.1875,1,60N_040E
48.9836,59.70387,49.0476,59.74387,1653.93,0.9859,82.76,3.403,2,0.0,2.8081,2.0736,1,60N_040E
42.67655,57.55071,42.74055,57.59071,1758.42,0.9946,86.48,1.7455,3,0.3528,0.7129,0.0,0,60N_040E
43.01713,58.12551,43.08113,58.16551,1730.77,0.4739,81.23,1.8429,5,0.0189,0.5613,4.662,1,60N_040E
42.63994,54.32269,42.70394,54.36269,1910.14,0.6713,77.57,3.8772,7,0.2416,1.1227,1.1582,1,60N_040E
41.20767,57.27325,41.27167,57.31325,1771.69,0.4986,80.7,0.6633,2,0.0071,0.2606,0.0403,0,60N_040E
46.7238,59.48879,46.7878,59.52879,1664.48,1.0,85.04,0.3836,0,0.0805,0.0853,0.0,0,60N_040E
44.78033,57.58944,44.84433,57.62944,1756.56,0.9979,87.01,0.4099,2,0.0,0.1967,1.9996,1,60N_040E
44.07578,57.64623,44.13978,57.68623,1753.84,0.9616,82.43,0.1919,0,0.0876,0.0829,0.2014,0,60N_040E
44.39405,56.46885,44.45805,56.50885,1809.94,0.9031,76.36,0.7488,1,0.0687,0.4123,0.071,0,60N_040E
44.93213,57.11797,44.99613,57.15797,1779.11,0.9986,85.85,6.5012,14,0.9022,0.8598,1.0473,1,60N_040E
41.42194,54.41006,41.48594,54.45006,1906.11,0.6948,83.86,0.1635,0,0.0971,0.0877,2.7496,1,60N_040E
46.21309,57.96653,46.27709,58.00653,1738.43,0.8811,74.77,3.5343,10,1.945,0.9688,3.9772,1,60N_040E
45.95346,55.90422,46.01746,55.94422,1836.57,0.369,83.64,0.1255,0,0.0,0.0403,0.0,0,60N_040E
44.68674,56.65385,44.75074,56.69385,1801.18,0.8234,84.6,5.1137,11,0.8311,0.8457,4.6065,1,60N_040E
49.29627,53.15684,49.36027,53.19684,1963.4,0.559,74.32,0.4643,0,0.0,0.0971,0.0,0,60N_040E
47.2547,52.56861,47.3187,52.60861,1989.95,0.7267,77.6,0.7391,1,0.0782,0.1374,0.0592,0,60N_040E
46.30322,54.08678,46.36722,54.12678,1920.98,0.9185,80.33,1.6035,6,0.0379,0.2488,0.6962,0,60N_040E
41.99195,56.83533,42.05595,56.87533,1792.56,0.7204,83.66,4.3181,11,0.2392,0.5731,3.8992,1,60N_040E
45.7101,55.94495,45.7741,55.98495,1834.65,0.3004,75.91,0.0426,0,0.0237,0.0237,0.0,0,60N_040E
41.57407,56.92467,41.63807,56.96467,1788.31,0.5188,80.48,4.6894,7,2.574,1.4233,1.5584,1,60N_040E
42.2934,57.72819,42.3574,57.76819,1749.9,0.9444,85.92,39.5373,16,2.1725,24.6018,1.4266,1,60N_040E
48.60532,59.40401,48.66932,59.44401,1668.63,0.9414,84.84,2.4353,2,0.0,1.8928,3.7887,1,60N_040E
47.96742,59.28081,48.03142,59.32081,1674.65,0.8961,80.18,7.5313,14,1.5344,1.7289,0.0592,0,60N_040E
46.66445,58.50356,46.72845,58.54356,1712.49,0.5389,81.58,2.4738,6,1.0593,0.8436,0.5071,0,60N_040E
44.73186,59.1486,44.79586,59.1886,1681.12,0.9996,87.18,7.7372,5,0.0024,4.8996,0.0332,0,60N_040E
41.88491,54.97312,41.94891,55.01312,1880.06,0.8332,73.78,31.989,17,1.6863,20.4659,2.5314,1,60N_040E
47.94473,57.10678,48.00873,57.14678,1779.63,0.3145,76.11,1.0087,3,0.045,0.2794,0.0568,0,60N_040E
44.3349,54.58574,44.3989,54.62574,1898.01,0.9112,83.69,0.0569,0,0.0213,0.0261,1.028,1,60N_040E
44.09046,54.08688,44.15446,54.12688,1920.98,0.3455,77.35,1.0538,3,0.0687,0.5115,0.6962,0,60N_040E
48.53073,57.10316,48.59473,57.14316,1779.81,0.388,79.78,0.3647,1,0.0758,0.1042,0.3457,0,60N_040E
46.74061,59.22619,46.80461,59.26619,1677.33,0.9913,83.64,4.1569,8,0.0948,0.9709,0.0213,0,60N_040E
44.55433,57.89363,44.61833,57.93363,1741.95,0.9699,79.68,1.5495,2,0.0308,0.9407,0.0166,0,60N_040E
46.6696,56.86605,46.7336,56.90605,1791.1,0.9929,86.96,25.2544,11,0.5924,17.4286,2.3671,1,60N_040E
46.897,55.28019,46.961,55.32019,1865.77,0.9701,81.63,8.1828,11,0.7271,1.5561,0.9975,0,60N_040E
43.08894,59.0703,43.15294,59.1103,1684.93,0.8821,84.95,0.7603,2,0.0,0.353,0.9404,0,60N_040E
40.21451,58.44795,40.27851,58.48795,1715.19,0.8496,81.98,9.503,15,0.27,1.2743,0.0639,0,60N_040E
43.35606,57.44295,43.42006,57.48295,1763.58,0.7691,72.9,3.5954,10,0.3553,0.6467,0.0876,0,60N_040E
41.14544,54.49187,41.20944,54.53187,1902.34,0.6798,75.46,12.3228,18,0.6798,2.883,2.8468,1,60N_040E
43.04158,58.66852,43.10558,58.70852,1704.48,0.6886,82.38,6.2553,13,1.7121,1.2054,3.0942,1,60N_040E
45.53848,56.17193,45.60248,56.21193,1823.97,0.5002,75.38,0.6914,3,0.019,0.2107,0.1397,0,60N_040E
45.95526,58.45773,46.01926,58.49773,1714.72,0.9986,86.95,3.369,5,1.2915,0.9217,3.9729,1,60N_040E
44.28851,59.14667,44.35251,59.18667,1681.21,0.9999,87.36,18.5014,4,18.0109,16.0121,6.9459,1,60N_040E
43.97716,57.91333,44.04116,57.95333,1741.0,0.9402,76.37,3.8889,8,0.071,0.7624,0.3885,0,60N_040E
40.79857,59.09659,40.86257,59.13659,1683.65,0.9292,83.65,4.7951,8,2.702,1.7217,16.7467,1,60N_040E
43.00426,57.95106,43.06826,57.99106,1739.18,0.8746,84.28,12.6736,15,3.0127,2.1981,10.6515,1,60N_040E
48.70327,57.15751,48.76727,57.19751,1777.21,0.3918,79.8,0.0474,0,0.0,0.0261,0.0,0,60N_040E
46.4613,57.9115,46.5253,57.9515,1741.09,0.93,84.07,5.2281,11,1.9501,1.2939,2.2438,1,60N_040E
49.35153,58.98017,49.41553,59.02017,1689.33,0.7506,81.46,13.4717,17,2.2528,1.7887,4.6896,1,60N_040E
48.069,58.1663,48.133,58.2063,1728.8,0.9135,85.0,6.4045,16,0.2203,0.7319,0.3386,0,60N_040E
45.51199,54.1292,45.57599,54.1692,1919.04,0.5331,78.44,0.7392,2,0.1232,0.1445,0.1303,0,60N_040E
43.16006,58.02515,43.22406,58.06515,1735.61,0.946,83.69,16.6593,14,7.5713,3.1332,13.7764,1,60N_040E
46.09253,56.09696,46.15653,56.13696,1827.5,0.93,87.68,0.5091,2,0.0,0.1563,0.0,0,60N_040E
45.44898,57.70129,45.51298,57.74129,1751.19,0.9389,80.29,2.8096,9,1.2696,0.843,3.4642,1,60N_040E
49.39507,56.54905,49.45907,56.58905,1806.14,0.8589,83.51,0.3956,1,0.0616,0.1161,0.1326,0,60N_040E
46.37242,57.09424,46.43642,57.13424,1780.24,0.9838,88.23,1.1606,4,0.1137,0.3008,2.2239,1,60N_040E
42.33457,57.40285,42.39857,57.44285,1765.5,0.4688,82.14,0.5567,3,0.0,0.1753,0.0,0,60N_040E
49.7022,55.71973,49.7662,55.75973,1845.23,0.3932,75.16,0.2179,0,0.1492,0.0971,0.0,0,60N_040E
42.49205,59.67513,42.55605,59.71513,1655.34,0.9928,88.82,0.3884,1,0.0095,0.2771,0.1611,0,60N_040E
46.53728,53.76502,46.60128,53.80502,1935.71,0.571,78.46,1.6533,6,0.2037,0.3765,0.1468,0,60N_040E
46.95529,53.63982,47.01929,53.67982,1941.43,0.6774,80.53,4.0936,10,1.7082,1.272,5.8209,1,60N_040E
41.51571,51.392,41.57971,51.432,2042.41,0.5385,76.29,1.6891,6,0.0,0.5473,2.3928,1,60N_040E
41.46787,58.88528,41.53187,58.92528,1693.95,0.9571,84.39,1.9752,5,0.0189,0.4145,0.0379,0,60N_040E
49.36437,57.98265,49.42837,58.02265,1737.66,0.543,78.04,6.0864,13,0.4998,1.5415,2.4866,1,60N_040E
40.22972,56.89956,40.29372,56.93956,1789.5,0.9513,81.18,3.0507,10,0.1563,0.5377,1.0182,1,60N_040E
46.14691,57.07302,46.21091,57.11302,1781.24,0.9962,84.81,2.8947,10,0.7201,0.5259,0.4239,0,60N_040E
45.48308,53.66313,45.54708,53.70313,1940.37,0.4709,80.08,0.0024,0,0.0,0.0024,0.0024,0,60N_040E
47.70741,56.11182,47.77141,56.15182,1826.79,0.3462,75.11,0.296,1,0.1516,0.1516,0.0,0,60N_040E
42.10309,56.36291,42.16709,56.40291,1814.95,0.8409,75.2,2.7433,5,0.0308,1.0708,0.1444,0,60N_040E
40.73286,54.75912,40.79686,54.79912,1889.98,0.9483,85.73,0.2439,0,0.0,0.0521,0.0426,0,60N_040E
41.7106,56.73848,41.7746,56.77848,1797.17,0.7821,83.71,11.6609,14,2.0793,1.767,0.4997,0,60N_040E
46.04494,58.32839,46.10894,58.36839,1720.97,0.9462,85.84,6.7231,12,0.5117,1.4754,0.9098,0,60N_040E
47.76746,56.11854,47.83146,56.15854,1826.48,0.4631,72.94,0.3458,0,0.0118,0.0947,0.0,0,60N_040E
42.47189,53.78578,42.53589,53.82578,1934.76,0.9992,86.0,8.7907,14,1.895,1.2458,2.7691,1,60N_040E
43.73695,54.74772,43.80095,54.78772,1890.51,0.5293,81.51,1.566,7,0.109,0.3672,0.0,0,60N_040E
45.91633,52.91444,45.98033,52.95444,1974.37,0.6648,80.73,6.0507,14,0.1492,0.8833,0.0758,0,60N_040E
42.97667,56.07835,43.04067,56.11835,1828.37,0.7223,72.12,4.1838,7,0.0498,1.3552,0.2275,0,60N_040E
47.00547,57.05121,47.06947,57.09121,1782.29,0.9954,87.19,18.6037,19,3.6338,2.4848,5.54,1,60N_040E
42.81246,57.44014,42.87646,57.48014,1763.71,0.5163,78.65,0.6016,2,0.0,0.1019,0.0497,0,60N_040E
41.06614,55.89631,41.13014,55.93631,1836.93,0.7443,80.98,8.4373,12,2.4183,1.4873,2.7004,1,60N_040E
49.03631,58.00308,49.10031,58.04308,1736.67,0.7599,78.05,5.8543,15,0.2771,1.0205,0.6372,0,60N_040E
45.78921,53.90764,45.85321,53.94764,1929.19,0.8012,85.8,2.3168,4,2.0467,1.4213,0.2393,0,60N_040E
45.15729,53.3036,45.22129,53.3436,1956.74,0.877,82.83,3.8399,7,1.3548,0.9782,0.8622,0,60N_040E
41.08403,55.71489,41.14803,55.75489,1845.45,0.8754,82.91,5.8504,14,1.6908,1.0609,2.6264,1,60N_040E
43.02195,53.54884,43.08595,53.58884,1945.58,0.4219,79.55,0.4287,0,0.0,0.0995,0.0,0,60N_040E
42.38519,58.00819,42.44919,58.04819,1736.43,0.5531,76.54,6.4205,9,2.4582,1.4615,2.6852,1,60N_040E
47.92061,58.54465,47.98461,58.58465,1710.5,0.5896,80.46,2.4772,5,0.1752,1.0019,0.6111,0,60N_040E
46.928,58.2337,46.992,58.2737,1725.55,0.9974,84.57,5.4733,16,1.1273,0.8786,5.4941,1,60N_040E
40.31721,55.55714,40.38121,55.59714,1852.84,0.936,75.11,1.009,2,0.0592,0.4216,0.1184,0,60N_040E
46.90283,57.95319,46.96683,57.99319,1739.08,0.9776,84.27,0.4479,1,0.0118,0.2891,0.0853,0,60N_040E
47.79328,56.87554,47.85728,56.91554,1790.65,0.5732,84.54,3.2598,9,0.597,1.0068,1.701,1,60N_040E
41.26759,54.90945,41.33159,54.94945,1883.02,0.362,64.81,1.2622,5,0.0237,0.2344,0.5115,0,60N_040E
42.5406,50.49016,42.6046,50.53016,2082.02,0.3406,78.6,0.0071,0,0.0071,0.0071,0.0,0,60N_040E
45.78679,56.85353,45.85079,56.89353,1791.69,0.9956,84.22,0.0497,0,0.0,0.0426,0.0,0,60N_040E
44.86091,57.04472,44.92491,57.08472,1782.6,0.7265,84.96,3.9691,6,0.0426,1.4254,0.2843,0,60N_040E
48.50817,58.36295,48.57217,58.40295,1719.3,0.5814,75.31,0.2582,0,0.0805,0.0805,0.0355,0,60N_040E
47.10741,59.2338,47.17141,59.2738,1676.95,0.9999,86.25,0.3386,1,0.1918,0.1634,22.0861,1,60N_040E
46.79727,58.7023,46.86127,58.7423,1702.84,0.9606,79.88,2.8074,6,0.1634,0.9953,0.0237,0,60N_040E
48.8581,53.2995,48.9221,53.3395,1956.93,0.9867,78.8,0.2037,1,0.0,0.1089,0.0071,0,60N_040E
48.47839,56.03322,48.54239,56.07322,1830.5,0.7189,79.9,3.6104,9,0.1516,1.4857,0.8906,0,60N_040E
41.80009,58.05266,41.86409,58.09266,1734.29,0.6835,83.19,6.1091,15,1.1227,1.3288,2.7553,1,60N_040E
41.25351,58.96232,41.31751,59.00232,1690.2,0.999,85.69,2.1717,4,0.0308,1.2623,0.1208,0,60N_040E
46.94412,55.10855,47.00812,55.14855,1873.76,0.9924,82.16,3.1547,7,0.4146,0.798,0.8103,0,60N_040E
40.42804,58.85814,40.49204,58.89814,1695.27,0.8709,83.86,16.7046,17,3.5886,2.092,9.385,1,60N_040E
46.63763,53.8253,46.70163,53.8653,1932.96,0.8206,84.46,1.0944,4,0.4478,0.1824,1.0733,1,60N_040E
40.57119,54.2423,40.63519,54.2823,1913.83,0.3382,76.68,0.3908,1,0.0639,0.1492,0.0,0,60N_040E
43.93067,58.39379,43.99467,58.43379,1717.8,0.9092,82.02,14.9732,11,5.1356,2.4891,5.5246,1,60N_040E
41.11072,56.70537,41.17472,56.74537,1798.73,0.7028,81.0,11.1099,14,1.5418,2.2769,1.3617,1,60N_040E
41.92926,56.20954,41.99326,56.24954,1822.19,0.5496,80.7,3.5268,10,0.3481,0.7391,1.0709,1,60N_040E
41.38214,55.70361,41.44614,55.74361,1845.98,0.563,78.11,6.9582,16,0.5471,0.9237,1.7576,1,60N_040E
40.6234,58.18817,40.6874,58.22817,1727.75,0.8144,83.16,7.0816,9,0.2865,1.5924,0.8387,0,60N_040E
46.1917,52.16318,46.2557,52.20318,2008.13,0.9511,82.03,0.2013,0,0.0355,0.0663,0.0,0,60N_040E
45.90237,52.811,45.96637,52.851,1979.04,0.3341,81.66,2.8393,9,0.1137,0.8099,0.0948,0,60N_040E
40.70261,54.67777,40.76661,54.71777,1893.74,0.9074,80.37,0.1989,1,0.1847,0.1847,0.0,0,60N_040E
43.76486,58.54635,43.82886,58.58635,1710.41,0.801,84.27,3.4018,6,1.3102,1.3102,8.9573,1,60N_040E
43.6103,57.07762,43.6743,57.11762,1781.03,0.5294,79.88,5.4858,13,2.1362,1.4803,1.8029,1,60N_040E
48.48307,58.78408,48.54707,58.82408,1698.87,0.6741,75.88,3.7967,9,0.4358,0.8406,0.3434,0,60N_040E
41.90325,59.60874,41.96725,59.64874,1658.6,0.8851,86.38,7.6731,11,0.1943,2.033,0.0592,0,60N_040E
47.56984,53.40386,47.63384,53.44386,1952.18,0.4594,75.39,3.9347,11,0.5448,0.9452,0.1682,0,60N_040E
42.51429,58.83343,42.57829,58.87343,1696.48,0.7497,84.75,3.3045,3,2.8308,2.2554,5.2579,1,60N_040E
41.84361,59.64043,41.90761,59.68043,1657.05,0.9234,87.15,7.0761,7,0.8764,3.2034,3.8804,1,60N_040E
47.63977,58.99833,47.70377,59.03833,1688.44,0.9311,83.94,5.9951,13,0.9974,1.8257,1.3173,1,60N_040E
43.3836,57.00778,43.4476,57.04778,1784.35,0.4902,76.71,4.4182,11,1.726,0.9305,2.9738,1,60N_040E
41.52264,55.29248,41.58664,55.33248,1865.2,0.8858,73.96,16.1559,18,7.3617,4.6662,5.3389,1,60N_040E
44.5285,58.90333,44.5925,58.94333,1693.07,0.9511,84.41,8.478,9,3.4811,2.1185,25.7689,1,60N_040E
44.70778,58.27404,44.77178,58.31404,1723.59,0.3756,74.9,1.8433,6,0.3886,0.3862,0.2061,0,60N_040E
47.89391,59.42223,47.95791,59.46223,1667.74,0.8779,82.55,40.6809,14,0.0663,7.2658,1.5327,1,60N_040E
46.08252,55.78679,46.14652,55.82679,1842.07,0.5825,85.1,0.0071,0,0.0071,0.0071,0.0,0,60N_040E
42.81329,55.65785,42.87729,55.69785,1848.12,0.8542,66.01,30.266,10,0.135,26.1631,0.0498,0,60N_040E
40.55698,54.95289,40.62098,54.99289,1881.0,0.7712,78.81,46.5016,8,0.1422,40.8783,0.4004,0,60N_040E
45.65222,57.98199,45.71622,58.02199,1737.7,0.437,81.97,7.2676,16,1.2172,1.2053,1.5086,1,60N_040E
49.13765,58.27754,49.20165,58.31754,1723.42,0.9082,80.55,13.8627,18,2.239,1.8643,0.2227,0,60N_040E
41.04633,59.71426,41.11033,59.75426,1653.41,0.9732,86.25,8.9695,6,1.2062,4.6481,7.7153,1,60N_040E
40.35733,58.54781,40.42133,58.58781,1710.34,0.7632,83.29,15.5594,16,1.8122,3.6439,3.8263,1,60N_040E
42.83254,55.31,42.89654,55.35,1864.39,0.9235,85.08,2.7126,7,0.0379,0.5211,0.3742,0,60N_040E
44.04339,54.96783,44.10739,55.00783,1880.3,0.9612,85.41,1.8447,4,0.6346,0.8407,0.0545,0,60N_040E
48.56492,55.3648,48.62892,55.4048,1861.82,0.3738,66.08,0.0521,0,0.0,0.0474,0.0,0,60N_040E
47.35269,54.4479,47.41669,54.4879,1904.37,0.7713,81.08,11.4317,16,0.8907,1.7409,0.9595,0,60N_040E
41.75455,56.37133,41.81855,56.41133,1814.55,0.6487,84.18,4.8007,12,0.2842,1.0159,4.0927,1,60N_040E
47.5851,56.00306,47.6491,56.04306,1831.91,0.3304,77.36,0.0711,0,0.0,0.0355,0.0142,0,60N_040E
48.12148,56.15057,48.18548,56.19057,1824.97,0.3506,78.36,1.5161,5,0.1113,0.5282,0.3813,0,60N_040E
43.63376,56.40363,43.69776,56.44363,1813.03,0.5118,73.25,2.8385,9,0.0379,0.4905,0.0521,0,60N_040E
45.03961,57.16049,45.10361,57.20049,1777.08,0.362,81.33,2.4308,7,0.2654,0.6254,0.9145,0,60N_040E
40.99539,55.79538,41.05939,55.83538,1841.67,0.7305,81.27,7.5065,15,1.0043,1.3857,7.2204,1,60N_040E
41.71876,57.52826,41.78276,57.56826,1759.49,0.8032,82.38,9.8648,12,4.8981,1.7762,2.1417,1,60N_040E
42.25504,59.71602,42.31904,59.75602,1653.33,0.7905,83.53,0.3268,1,0.2415,0.2178,0.3365,0,60N_040E
47.49948,52.00299,47.56348,52.04299,2015.29,0.4428,66.83,0.1776,0,0.0024,0.0521,0.0,0,60N_040E
44.60677,59.59633,44.67077,59.63633,1659.21,0.8463,85.17,6.6758,6,0.0355,3.1723,0.9714,0,60N_040E
41.21197,58.20089,41.27597,58.24089,1727.13,0.6731,83.22,1.2859,6,0.2794,0.2581,2.5142,1,60N_040E
42.08182,53.55732,42.14582,53.59732,1945.19,0.9356,81.55,23.6845,17,1.952,17.2559,0.0782,0,60N_040E
45.84479,56.45593,45.90879,56.49593,1810.55,0.9459,80.31,0.109,0,0.064,0.0545,0.5212,0,60N_040E
47.06612,54.18339,47.13012,54.22339,1916.54,0.9872,84.07,8.1907,18,1.1368,1.0826,0.341,0,60N_040E
44.30073,54.41293,44.36473,54.45293,1905.98,0.8933,83.39,0.988,2,0.7724,0.41,0.2891,0,60N_040E
43.99424,54.17881,44.05824,54.21881,1916.75,0.847,78.7,5.4538,15,0.4359,1.649,0.9193,0,60N_040E
44.26319,55.13629,44.32719,55.17629,1872.47,0.8682,80.03,11.3595,16,2.9009,1.7718,1.4024,1,60N_040E
42.73624,54.561,42.80024,54.601,1899.15,0.9699,85.38,5.2141,15,0.957,0.7914,5.342,1,60N_040E
42.1018,57.36955,42.1658,57.40955,1767.09,0.5015,80.91,0.3245,1,0.0047,0.1279,0.0261,0,60N_040E
47.43306,59.44438,47.49706,59.48438,1666.66,0.9548,82.78,14.009,9,2.4812,5.3842,4.6606,1,60N_040E
40.81985,59.65148,40.88385,59.69148,1656.51,0.8959,84.79,8.6066,12,0.9068,1.2862,0.0024,0,60N_040E
47.53728,57.00608,47.60128,57.04608,1784.44,0.3813,80.11,1.2081,5,0.1302,0.2725,1.1867,1,60N_040E
46.79509,58.26882,46.85909,58.30882,1723.85,0.5512,83.49,3.3157,8,0.7534,0.7388,3.1519,1,60N_040E
45.81282,56.62617,45.87682,56.66617,1802.49,0.9865,79.56,2.9371,8,0.398,0.7081,5.272,1,60N_040E
48.60162,57.83056,48.66562,57.87056,1744.98,0.5557,76.88,2.5006,4,0.071,1.0255,0.1207,0,60N_040E
43.86538,53.59972,43.92938,53.63972,1943.27,0.36,70.14,8.1523,10,0.0,3.3681,0.0,0,60N_040E
44.47204,52.38414,44.53604,52.42414,1998.24,0.4168,74.8,1.1848,3,0.0142,0.6943,0.0403,0,60N_040E
46.043,54.15047,46.107,54.19047,1918.06,0.678,79.95,0.7293,3,0.2273,0.2084,0.0426,0,60N_040E
48.24151,58.01182,48.30551,58.05182,1736.25,0.7239,83.27,4.6871,11,0.1563,0.8172,2.5559,1,60N_040E
41.34517,57.66847,41.40917,57.70847,1752.77,0.4359,79.78,0.9473,3,0.0237,0.2155,0.0616,0,60N_040E
44.33046,59.62332,44.39446,59.66332,1657.88,0.9213,85.54,22.4407,16,1.6937,3.4653,5.1748,1,60N_040E
